service,server,status,response_time,last_checked,endpoint,port,http_status
DATABASE,SIMRS-DB-01,running,6,2026-09-20 00:00:00,tcp://simrs-db.internal:5432,5432,0
DNS,DNS-01,running,4,2026-09-20 00:00:00,dns://dns-01.internal:53,53,0
FILE SERVER,FILE-01,running,13,2026-09-20 00:00:00,smb://file.internal:445,445,0
MONITORING,MONITOR-01,running,119,2026-09-20 00:00:00,http://monitor.internal:9090/-/healthy,9090,200
SIM-APOTEK,SIMRS-APP-01,running,132,2026-09-20 00:00:00,http://simrs.internal:8081/health,8081,200
SIMRS,SIMRS-APP-01,running,123,2026-09-20 00:00:00,http://simrs.internal:8080/health,8080,200
DATABASE,SIMRS-DB-01,running,8,2026-09-20 01:00:00,tcp://simrs-db.internal:5432,5432,0
DNS,DNS-01,running,5,2026-09-20 01:00:00,dns://dns-01.internal:53,53,0
FILE SERVER,FILE-01,running,12,2026-09-20 01:00:00,smb://file.internal:445,445,0
MONITORING,MONITOR-01,running,112,2026-09-20 01:00:00,http://monitor.internal:9090/-/healthy,9090,200
SIM-APOTEK,SIMRS-APP-01,running,131,2026-09-20 01:00:00,http://simrs.internal:8081/health,8081,200
SIMRS,SIMRS-APP-01,running,143,2026-09-20 01:00:00,http://simrs.internal:8080/health,8080,200
DATABASE,SIMRS-DB-01,running,8,2026-09-20 02:00:00,tcp://simrs-db.internal:5432,5432,0
DNS,DNS-01,running,12,2026-09-20 02:00:00,dns://dns-01.internal:53,53,0
FILE SERVER,FILE-01,running,7,2026-09-20 02:00:00,smb://file.internal:445,445,0
MONITORING,MONITOR-01,running,104,2026-09-20 02:00:00,http://monitor.internal:9090/-/healthy,9090,200
SIM-APOTEK,SIMRS-APP-01,running,147,2026-09-20 02:00:00,http://simrs.internal:8081/health,8081,200
SIMRS,SIMRS-APP-01,running,110,2026-09-20 02:00:00,http://simrs.internal:8080/health,8080,200
DATABASE,SIMRS-DB-01,running,9,2026-09-20 03:00:00,tcp://simrs-db.internal:5432,5432,0
DNS,DNS-01,running,7,2026-09-20 03:00:00,dns://dns-01.internal:53,53,0
FILE SERVER,FILE-01,running,13,2026-09-20 03:00:00,smb://file.internal:445,445,0
MONITORING,MONITOR-01,running,112,2026-09-20 03:00:00,http://monitor.internal:9090/-/healthy,9090,200
SIM-APOTEK,SIMRS-APP-01,running,103,2026-09-20 03:00:00,http://simrs.internal:8081/health,8081,200
SIMRS,SIMRS-APP-01,running,110,2026-09-20 03:00:00,http://simrs.internal:8080/health,8080,200
DATABASE,SIMRS-DB-01,running,14,2026-09-20 04:00:00,tcp://simrs-db.internal:5432,5432,0
DNS,DNS-01,running,9,2026-09-20 04:00:00,dns://dns-01.internal:53,53,0
FILE SERVER,FILE-01,running,3,2026-09-20 04:00:00,smb://file.internal:445,445,0
MONITORING,MONITOR-01,running,130,2026-09-20 04:00:00,http://monitor.internal:9090/-/healthy,9090,200
SIM-APOTEK,SIMRS-APP-01,running,103,2026-09-20 04:00:00,http://simrs.internal:8081/health,8081,200
SIMRS,SIMRS-APP-01,running,139,2026-09-20 04:00:00,http://simrs.internal:8080/health,8080,200
DATABASE,SIMRS-DB-01,running,14,2026-09-20 05:00:00,tcp://simrs-db.internal:5432,5432,0
DNS,DNS-01,running,13,2026-09-20 05:00:00,dns://dns-01.internal:53,53,0
FILE SERVER,FILE-01,running,6,2026-09-20 05:00:00,smb://file.internal:445,445,0
MONITORING,MONITOR-01,running,95,2026-09-20 05:00:00,http://monitor.internal:9090/-/healthy,9090,200
SIM-APOTEK,SIMRS-APP-01,running,118,2026-09-20 05:00:00,http://simrs.internal:8081/health,8081,200
SIMRS,SIMRS-APP-01,running,139,2026-09-20 05:00:00,http://simrs.internal:8080/health,8080,200
DATABASE,SIMRS-DB-01,running,13,2026-09-20 06:00:00,tcp://simrs-db.internal:5432,5432,0
DNS,DNS-01,running,13,2026-09-20 06:00:00,dns://dns-01.internal:53,53,0
FILE SERVER,FILE-01,running,6,2026-09-20 06:00:00,smb://file.internal:445,445,0
MONITORING,MONITOR-01,running,149,2026-09-20 06:00:00,http://monitor.internal:9090/-/healthy,9090,200
SIM-APOTEK,SIMRS-APP-01,running,99,2026-09-20 06:00:00,http://simrs.internal:8081/health,8081,200
SIMRS,SIMRS-APP-01,running,135,2026-09-20 06:00:00,http://simrs.internal:8080/health,8080,200
DATABASE,SIMRS-DB-01,running,10,2026-09-20 07:00:00,tcp://simrs-db.internal:5432,5432,0
DNS,DNS-01,running,14,2026-09-20 07:00:00,dns://dns-01.internal:53,53,0
FILE SERVER,FILE-01,running,11,2026-09-20 07:00:00,smb://file.internal:445,445,0
MONITORING,MONITOR-01,running,120,2026-09-20 07:00:00,http://monitor.internal:9090/-/healthy,9090,200
SIM-APOTEK,SIMRS-APP-01,running,143,2026-09-20 07:00:00,http://simrs.internal:8081/health,8081,200
SIMRS,SIMRS-APP-01,running,137,2026-09-20 07:00:00,http://simrs.internal:8080/health,8080,200
DATABASE,SIMRS-DB-01,running,14,2026-09-20 08:00:00,tcp://simrs-db.internal:5432,5432,0
DNS,DNS-01,running,11,2026-09-20 08:00:00,dns://dns-01.internal:53,53,0
FILE SERVER,FILE-01,running,6,2026-09-20 08:00:00,smb://file.internal:445,445,0
MONITORING,MONITOR-01,running,108,2026-09-20 08:00:00,http://monitor.internal:9090/-/healthy,9090,200
SIM-APOTEK,SIMRS-APP-01,running,118,2026-09-20 08:00:00,http://simrs.internal:8081/health,8081,200
SIMRS,SIMRS-APP-01,running,115,2026-09-20 08:00:00,http://simrs.internal:8080/health,8080,200
DATABASE,SIMRS-DB-01,running,3,2026-09-20 09:00:00,tcp://simrs-db.internal:5432,5432,0
DNS,DNS-01,running,4,2026-09-20 09:00:00,dns://dns-01.internal:53,53,0
FILE SERVER,FILE-01,running,12,2026-09-20 09:00:00,smb://file.internal:445,445,0
MONITORING,MONITOR-01,running,142,2026-09-20 09:00:00,http://monitor.internal:9090/-/healthy,9090,200
SIM-APOTEK,SIMRS-APP-01,running,142,2026-09-20 09:00:00,http://simrs.internal:8081/health,8081,200
SIMRS,SIMRS-APP-01,running,101,2026-09-20 09:00:00,http://simrs.internal:8080/health,8080,200
DATABASE,SIMRS-DB-01,running,4,2026-09-20 10:00:00,tcp://simrs-db.internal:5432,5432,0
DNS,DNS-01,running,7,2026-09-20 10:00:00,dns://dns-01.internal:53,53,0
FILE SERVER,FILE-01,running,12,2026-09-20 10:00:00,smb://file.internal:445,445,0
MONITORING,MONITOR-01,running,96,2026-09-20 10:00:00,http://monitor.internal:9090/-/healthy,9090,200
SIM-APOTEK,SIMRS-APP-01,running,99,2026-09-20 10:00:00,http://simrs.internal:8081/health,8081,200
SIMRS,SIMRS-APP-01,running,126,2026-09-20 10:00:00,http://simrs.internal:8080/health,8080,200
DATABASE,SIMRS-DB-01,running,10,2026-09-20 11:00:00,tcp://simrs-db.internal:5432,5432,0
DNS,DNS-01,running,14,2026-09-20 11:00:00,dns://dns-01.internal:53,53,0
FILE SERVER,FILE-01,running,13,2026-09-20 11:00:00,smb://file.internal:445,445,0
MONITORING,MONITOR-01,running,130,2026-09-20 11:00:00,http://monitor.internal:9090/-/healthy,9090,200
SIM-APOTEK,SIMRS-APP-01,running,109,2026-09-20 11:00:00,http://simrs.internal:8081/health,8081,200
SIMRS,SIMRS-APP-01,running,130,2026-09-20 11:00:00,http://simrs.internal:8080/health,8080,200
DATABASE,SIMRS-DB-01,running,4,2026-09-20 12:00:00,tcp://simrs-db.internal:5432,5432,0
DNS,DNS-01,running,12,2026-09-20 12:00:00,dns://dns-01.internal:53,53,0
FILE SERVER,FILE-01,running,12,2026-09-20 12:00:00,smb://file.internal:445,445,0
MONITORING,MONITOR-01,running,131,2026-09-20 12:00:00,http://monitor.internal:9090/-/healthy,9090,200
SIM-APOTEK,SIMRS-APP-01,running,110,2026-09-20 12:00:00,http://simrs.internal:8081/health,8081,200
SIMRS,SIMRS-APP-01,running,95,2026-09-20 12:00:00,http://simrs.internal:8080/health,8080,200
DATABASE,SIMRS-DB-01,running,10,2026-09-20 13:00:00,tcp://simrs-db.internal:5432,5432,0
DNS,DNS-01,running,10,2026-09-20 13:00:00,dns://dns-01.internal:53,53,0
FILE SERVER,FILE-01,running,3,2026-09-20 13:00:00,smb://file.internal:445,445,0
MONITORING,MONITOR-01,running,150,2026-09-20 13:00:00,http://monitor.internal:9090/-/healthy,9090,200
SIM-APOTEK,SIMRS-APP-01,running,124,2026-09-20 13:00:00,http://simrs.internal:8081/health,8081,200
SIMRS,SIMRS-APP-01,running,133,2026-09-20 13:00:00,http://simrs.internal:8080/health,8080,200
DATABASE,SIMRS-DB-01,running,6,2026-09-20 14:00:00,tcp://simrs-db.internal:5432,5432,0
DNS,DNS-01,running,9,2026-09-20 14:00:00,dns://dns-01.internal:53,53,0
FILE SERVER,FILE-01,running,13,2026-09-20 14:00:00,smb://file.internal:445,445,0
MONITORING,MONITOR-01,running,95,2026-09-20 14:00:00,http://monitor.internal:9090/-/healthy,9090,200
SIM-APOTEK,SIMRS-APP-01,running,141,2026-09-20 14:00:00,http://simrs.internal:8081/health,8081,200
SIMRS,SIMRS-APP-01,running,150,2026-09-20 14:00:00,http://simrs.internal:8080/health,8080,200
DATABASE,SIMRS-DB-01,running,13,2026-09-20 15:00:00,tcp://simrs-db.internal:5432,5432,0
DNS,DNS-01,running,5,2026-09-20 15:00:00,dns://dns-01.internal:53,53,0
FILE SERVER,FILE-01,running,9,2026-09-20 15:00:00,smb://file.internal:445,445,0
MONITORING,MONITOR-01,running,139,2026-09-20 15:00:00,http://monitor.internal:9090/-/healthy,9090,200
SIM-APOTEK,SIMRS-APP-01,running,125,2026-09-20 15:00:00,http://simrs.internal:8081/health,8081,200
SIMRS,SIMRS-APP-01,running,102,2026-09-20 15:00:00,http://simrs.internal:8080/health,8080,200
DATABASE,SIMRS-DB-01,running,6,2026-09-20 16:00:00,tcp://simrs-db.internal:5432,5432,0
DNS,DNS-01,running,11,2026-09-20 16:00:00,dns://dns-01.internal:53,53,0
FILE SERVER,FILE-01,running,12,2026-09-20 16:00:00,smb://file.internal:445,445,0
MONITORING,MONITOR-01,running,127,2026-09-20 16:00:00,http://monitor.internal:9090/-/healthy,9090,200
SIM-APOTEK,SIMRS-APP-01,running,132,2026-09-20 16:00:00,http://simrs.internal:8081/health,8081,200
SIMRS,SIMRS-APP-01,running,114,2026-09-20 16:00:00,http://simrs.internal:8080/health,8080,200
DATABASE,SIMRS-DB-01,running,8,2026-09-20 17:00:00,tcp://simrs-db.internal:5432,5432,0
DNS,DNS-01,running,11,2026-09-20 17:00:00,dns://dns-01.internal:53,53,0
FILE SERVER,FILE-01,running,13,2026-09-20 17:00:00,smb://file.internal:445,445,0
MONITORING,MONITOR-01,running,149,2026-09-20 17:00:00,http://monitor.internal:9090/-/healthy,9090,200
SIM-APOTEK,SIMRS-APP-01,running,141,2026-09-20 17:00:00,http://simrs.internal:8081/health,8081,200
SIMRS,SIMRS-APP-01,running,143,2026-09-20 17:00:00,http://simrs.internal:8080/health,8080,200
DATABASE,SIMRS-DB-01,running,8,2026-09-20 18:00:00,tcp://simrs-db.internal:5432,5432,0
DNS,DNS-01,running,7,2026-09-20 18:00:00,dns://dns-01.internal:53,53,0
FILE SERVER,FILE-01,running,10,2026-09-20 18:00:00,smb://file.internal:445,445,0
MONITORING,MONITOR-01,running,97,2026-09-20 18:00:00,http://monitor.internal:9090/-/healthy,9090,200
SIM-APOTEK,SIMRS-APP-01,running,126,2026-09-20 18:00:00,http://simrs.internal:8081/health,8081,200
SIMRS,SIMRS-APP-01,running,124,2026-09-20 18:00:00,http://simrs.internal:8080/health,8080,200
DATABASE,SIMRS-DB-01,running,12,2026-09-20 19:00:00,tcp://simrs-db.internal:5432,5432,0
DNS,DNS-01,running,7,2026-09-20 19:00:00,dns://dns-01.internal:53,53,0
FILE SERVER,FILE-01,running,5,2026-09-20 19:00:00,smb://file.internal:445,445,0
MONITORING,MONITOR-01,running,94,2026-09-20 19:00:00,http://monitor.internal:9090/-/healthy,9090,200
SIM-APOTEK,SIMRS-APP-01,running,94,2026-09-20 19:00:00,http://simrs.internal:8081/health,8081,200
SIMRS,SIMRS-APP-01,running,146,2026-09-20 19:00:00,http://simrs.internal:8080/health,8080,200
DATABASE,SIMRS-DB-01,running,9,2026-09-20 20:00:00,tcp://simrs-db.internal:5432,5432,0
DNS,DNS-01,running,11,2026-09-20 20:00:00,dns://dns-01.internal:53,53,0
FILE SERVER,FILE-01,running,11,2026-09-20 20:00:00,smb://file.internal:445,445,0
MONITORING,MONITOR-01,running,130,2026-09-20 20:00:00,http://monitor.internal:9090/-/healthy,9090,200
SIM-APOTEK,SIMRS-APP-01,running,127,2026-09-20 20:00:00,http://simrs.internal:8081/health,8081,200
SIMRS,SIMRS-APP-01,running,121,2026-09-20 20:00:00,http://simrs.internal:8080/health,8080,200
DATABASE,SIMRS-DB-01,running,10,2026-09-20 21:00:00,tcp://simrs-db.internal:5432,5432,0
DNS,DNS-01,running,13,2026-09-20 21:00:00,dns://dns-01.internal:53,53,0
FILE SERVER,FILE-01,running,5,2026-09-20 21:00:00,smb://file.internal:445,445,0
MONITORING,MONITOR-01,running,92,2026-09-20 21:00:00,http://monitor.internal:9090/-/healthy,9090,200
SIM-APOTEK,SIMRS-APP-01,running,108,2026-09-20 21:00:00,http://simrs.internal:8081/health,8081,200
SIMRS,SIMRS-APP-01,running,121,2026-09-20 21:00:00,http://simrs.internal:8080/health,8080,200
DATABASE,SIMRS-DB-01,running,8,2026-09-20 22:00:00,tcp://simrs-db.internal:5432,5432,0
DNS,DNS-01,running,8,2026-09-20 22:00:00,dns://dns-01.internal:53,53,0
FILE SERVER,FILE-01,running,8,2026-09-20 22:00:00,smb://file.internal:445,445,0
MONITORING,MONITOR-01,running,140,2026-09-20 22:00:00,http://monitor.internal:9090/-/healthy,9090,200
SIM-APOTEK,SIMRS-APP-01,running,132,2026-09-20 22:00:00,http://simrs.internal:8081/health,8081,200
SIMRS,SIMRS-APP-01,running,135,2026-09-20 22:00:00,http://simrs.internal:8080/health,8080,200
DATABASE,SIMRS-DB-01,running,11,2026-09-20 23:00:00,tcp://simrs-db.internal:5432,5432,0
DNS,DNS-01,running,11,2026-09-20 23:00:00,dns://dns-01.internal:53,53,0
FILE SERVER,FILE-01,running,6,2026-09-20 23:00:00,smb://file.internal:445,445,0
MONITORING,MONITOR-01,running,142,2026-09-20 23:00:00,http://monitor.internal:9090/-/healthy,9090,200
SIM-APOTEK,SIMRS-APP-01,running,139,2026-09-20 23:00:00,http://simrs.internal:8081/health,8081,200
SIMRS,SIMRS-APP-01,running,113,2026-09-20 23:00:00,http://simrs.internal:8080/health,8080,200
DATABASE,SIMRS-DB-01,running,3,2026-09-21 00:00:00,tcp://simrs-db.internal:5432,5432,0
DNS,DNS-01,running,13,2026-09-21 00:00:00,dns://dns-01.internal:53,53,0
FILE SERVER,FILE-01,running,8,2026-09-21 00:00:00,smb://file.internal:445,445,0
MONITORING,MONITOR-01,running,91,2026-09-21 00:00:00,http://monitor.internal:9090/-/healthy,9090,200
SIM-APOTEK,SIMRS-APP-01,running,97,2026-09-21 00:00:00,http://simrs.internal:8081/health,8081,200
SIMRS,SIMRS-APP-01,running,123,2026-09-21 00:00:00,http://simrs.internal:8080/health,8080,200
DATABASE,SIMRS-DB-01,running,14,2026-09-21 01:00:00,tcp://simrs-db.internal:5432,5432,0
DNS,DNS-01,running,5,2026-09-21 01:00:00,dns://dns-01.internal:53,53,0
FILE SERVER,FILE-01,running,11,2026-09-21 01:00:00,smb://file.internal:445,445,0
MONITORING,MONITOR-01,running,94,2026-09-21 01:00:00,http://monitor.internal:9090/-/healthy,9090,200
SIM-APOTEK,SIMRS-APP-01,running,117,2026-09-21 01:00:00,http://simrs.internal:8081/health,8081,200
SIMRS,SIMRS-APP-01,running,136,2026-09-21 01:00:00,http://simrs.internal:8080/health,8080,200
DATABASE,SIMRS-DB-01,running,11,2026-09-21 02:00:00,tcp://simrs-db.internal:5432,5432,0
DNS,DNS-01,running,13,2026-09-21 02:00:00,dns://dns-01.internal:53,53,0
FILE SERVER,FILE-01,running,11,2026-09-21 02:00:00,smb://file.internal:445,445,0
MONITORING,MONITOR-01,running,119,2026-09-21 02:00:00,http://monitor.internal:9090/-/healthy,9090,200
SIM-APOTEK,SIMRS-APP-01,running,100,2026-09-21 02:00:00,http://simrs.internal:8081/health,8081,200
SIMRS,SIMRS-APP-01,running,148,2026-09-21 02:00:00,http://simrs.internal:8080/health,8080,200
DATABASE,SIMRS-DB-01,running,7,2026-09-21 03:00:00,tcp://simrs-db.internal:5432,5432,0
DNS,DNS-01,running,11,2026-09-21 03:00:00,dns://dns-01.internal:53,53,0
FILE SERVER,FILE-01,running,13,2026-09-21 03:00:00,smb://file.internal:445,445,0
MONITORING,MONITOR-01,running,96,2026-09-21 03:00:00,http://monitor.internal:9090/-/healthy,9090,200
SIM-APOTEK,SIMRS-APP-01,running,115,2026-09-21 03:00:00,http://simrs.internal:8081/health,8081,200
SIMRS,SIMRS-APP-01,running,137,2026-09-21 03:00:00,http://simrs.internal:8080/health,8080,200
DATABASE,SIMRS-DB-01,running,9,2026-09-21 04:00:00,tcp://simrs-db.internal:5432,5432,0
DNS,DNS-01,running,6,2026-09-21 04:00:00,dns://dns-01.internal:53,53,0
FILE SERVER,FILE-01,running,7,2026-09-21 04:00:00,smb://file.internal:445,445,0
MONITORING,MONITOR-01,running,140,2026-09-21 04:00:00,http://monitor.internal:9090/-/healthy,9090,200
SIM-APOTEK,SIMRS-APP-01,running,117,2026-09-21 04:00:00,http://simrs.internal:8081/health,8081,200
SIMRS,SIMRS-APP-01,running,94,2026-09-21 04:00:00,http://simrs.internal:8080/health,8080,200
DATABASE,SIMRS-DB-01,running,6,2026-09-21 05:00:00,tcp://simrs-db.internal:5432,5432,0
DNS,DNS-01,running,12,2026-09-21 05:00:00,dns://dns-01.internal:53,53,0
FILE SERVER,FILE-01,running,8,2026-09-21 05:00:00,smb://file.internal:445,445,0
MONITORING,MONITOR-01,running,132,2026-09-21 05:00:00,http://monitor.internal:9090/-/healthy,9090,200
SIM-APOTEK,SIMRS-APP-01,running,112,2026-09-21 05:00:00,http://simrs.internal:8081/health,8081,200
SIMRS,SIMRS-APP-01,running,150,2026-09-21 05:00:00,http://simrs.internal:8080/health,8080,200
DATABASE,SIMRS-DB-01,running,12,2026-09-21 06:00:00,tcp://simrs-db.internal:5432,5432,0
DNS,DNS-01,running,14,2026-09-21 06:00:00,dns://dns-01.internal:53,53,0
FILE SERVER,FILE-01,running,6,2026-09-21 06:00:00,smb://file.internal:445,445,0
MONITORING,MONITOR-01,running,114,2026-09-21 06:00:00,http://monitor.internal:9090/-/healthy,9090,200
SIM-APOTEK,SIMRS-APP-01,running,145,2026-09-21 06:00:00,http://simrs.internal:8081/health,8081,200
SIMRS,SIMRS-APP-01,running,144,2026-09-21 06:00:00,http://simrs.internal:8080/health,8080,200
DATABASE,SIMRS-DB-01,running,4,2026-09-21 07:00:00,tcp://simrs-db.internal:5432,5432,0
DNS,DNS-01,running,10,2026-09-21 07:00:00,dns://dns-01.internal:53,53,0
FILE SERVER,FILE-01,running,13,2026-09-21 07:00:00,smb://file.internal:445,445,0
MONITORING,MONITOR-01,running,146,2026-09-21 07:00:00,http://monitor.internal:9090/-/healthy,9090,200
SIM-APOTEK,SIMRS-APP-01,running,123,2026-09-21 07:00:00,http://simrs.internal:8081/health,8081,200
SIMRS,SIMRS-APP-01,running,107,2026-09-21 07:00:00,http://simrs.internal:8080/health,8080,200
DATABASE,SIMRS-DB-01,running,11,2026-09-21 08:00:00,tcp://simrs-db.internal:5432,5432,0
DNS,DNS-01,running,14,2026-09-21 08:00:00,dns://dns-01.internal:53,53,0
FILE SERVER,FILE-01,running,11,2026-09-21 08:00:00,smb://file.internal:445,445,0
MONITORING,MONITOR-01,running,132,2026-09-21 08:00:00,http://monitor.internal:9090/-/healthy,9090,200
SIM-APOTEK,SIMRS-APP-01,running,109,2026-09-21 08:00:00,http://simrs.internal:8081/health,8081,200
SIMRS,SIMRS-APP-01,running,145,2026-09-21 08:00:00,http://simrs.internal:8080/health,8080,200
DATABASE,SIMRS-DB-01,running,12,2026-09-21 09:00:00,tcp://simrs-db.internal:5432,5432,0
DNS,DNS-01,running,3,2026-09-21 09:00:00,dns://dns-01.internal:53,53,0
FILE SERVER,FILE-01,running,10,2026-09-21 09:00:00,smb://file.internal:445,445,0
MONITORING,MONITOR-01,running,91,2026-09-21 09:00:00,http://monitor.internal:9090/-/healthy,9090,200
SIM-APOTEK,SIMRS-APP-01,running,147,2026-09-21 09:00:00,http://simrs.internal:8081/health,8081,200
SIMRS,SIMRS-APP-01,running,129,2026-09-21 09:00:00,http://simrs.internal:8080/health,8080,200
DATABASE,SIMRS-DB-01,running,6,2026-09-21 10:00:00,tcp://simrs-db.internal:5432,5432,0
DNS,DNS-01,running,13,2026-09-21 10:00:00,dns://dns-01.internal:53,53,0
FILE SERVER,FILE-01,running,5,2026-09-21 10:00:00,smb://file.internal:445,445,0
MONITORING,MONITOR-01,running,145,2026-09-21 10:00:00,http://monitor.internal:9090/-/healthy,9090,200
SIM-APOTEK,SIMRS-APP-01,running,107,2026-09-21 10:00:00,http://simrs.internal:8081/health,8081,200
SIMRS,SIMRS-APP-01,running,110,2026-09-21 10:00:00,http://simrs.internal:8080/health,8080,200
DATABASE,SIMRS-DB-01,running,11,2026-09-21 11:00:00,tcp://simrs-db.internal:5432,5432,0
DNS,DNS-01,running,13,2026-09-21 11:00:00,dns://dns-01.internal:53,53,0
FILE SERVER,FILE-01,running,10,2026-09-21 11:00:00,smb://file.internal:445,445,0
MONITORING,MONITOR-01,running,110,2026-09-21 11:00:00,http://monitor.internal:9090/-/healthy,9090,200
SIM-APOTEK,SIMRS-APP-01,running,92,2026-09-21 11:00:00,http://simrs.internal:8081/health,8081,200
SIMRS,SIMRS-APP-01,running,99,2026-09-21 11:00:00,http://simrs.internal:8080/health,8080,200
DATABASE,SIMRS-DB-01,running,13,2026-09-21 12:00:00,tcp://simrs-db.internal:5432,5432,0
DNS,DNS-01,running,4,2026-09-21 12:00:00,dns://dns-01.internal:53,53,0
FILE SERVER,FILE-01,running,11,2026-09-21 12:00:00,smb://file.internal:445,445,0
MONITORING,MONITOR-01,running,144,2026-09-21 12:00:00,http://monitor.internal:9090/-/healthy,9090,200
SIM-APOTEK,SIMRS-APP-01,running,120,2026-09-21 12:00:00,http://simrs.internal:8081/health,8081,200
SIMRS,SIMRS-APP-01,running,91,2026-09-21 12:00:00,http://simrs.internal:8080/health,8080,200
DATABASE,SIMRS-DB-01,running,4,2026-09-21 13:00:00,tcp://simrs-db.internal:5432,5432,0
DNS,DNS-01,running,12,2026-09-21 13:00:00,dns://dns-01.internal:53,53,0
FILE SERVER,FILE-01,running,9,2026-09-21 13:00:00,smb://file.internal:445,445,0
MONITORING,MONITOR-01,running,133,2026-09-21 13:00:00,http://monitor.internal:9090/-/healthy,9090,200
SIM-APOTEK,SIMRS-APP-01,running,128,2026-09-21 13:00:00,http://simrs.internal:8081/health,8081,200
SIMRS,SIMRS-APP-01,running,95,2026-09-21 13:00:00,http://simrs.internal:8080/health,8080,200
DATABASE,SIMRS-DB-01,running,11,2026-09-21 14:00:00,tcp://simrs-db.internal:5432,5432,0
DNS,DNS-01,running,12,2026-09-21 14:00:00,dns://dns-01.internal:53,53,0
FILE SERVER,FILE-01,running,12,2026-09-21 14:00:00,smb://file.internal:445,445,0
MONITORING,MONITOR-01,running,138,2026-09-21 14:00:00,http://monitor.internal:9090/-/healthy,9090,200
SIM-APOTEK,SIMRS-APP-01,running,90,2026-09-21 14:00:00,http://simrs.internal:8081/health,8081,200
SIMRS,SIMRS-APP-01,running,145,2026-09-21 14:00:00,http://simrs.internal:8080/health,8080,200
DATABASE,SIMRS-DB-01,running,5,2026-09-21 15:00:00,tcp://simrs-db.internal:5432,5432,0
DNS,DNS-01,running,7,2026-09-21 15:00:00,dns://dns-01.internal:53,53,0
FILE SERVER,FILE-01,running,7,2026-09-21 15:00:00,smb://file.internal:445,445,0
MONITORING,MONITOR-01,running,145,2026-09-21 15:00:00,http://monitor.internal:9090/-/healthy,9090,200
SIM-APOTEK,SIMRS-APP-01,running,150,2026-09-21 15:00:00,http://simrs.internal:8081/health,8081,200
SIMRS,SIMRS-APP-01,running,145,2026-09-21 15:00:00,http://simrs.internal:8080/health,8080,200
DATABASE,SIMRS-DB-01,running,13,2026-09-21 16:00:00,tcp://simrs-db.internal:5432,5432,0
DNS,DNS-01,running,6,2026-09-21 16:00:00,dns://dns-01.internal:53,53,0
FILE SERVER,FILE-01,running,4,2026-09-21 16:00:00,smb://file.internal:445,445,0
MONITORING,MONITOR-01,running,94,2026-09-21 16:00:00,http://monitor.internal:9090/-/healthy,9090,200
SIM-APOTEK,SIMRS-APP-01,running,145,2026-09-21 16:00:00,http://simrs.internal:8081/health,8081,200
SIMRS,SIMRS-APP-01,running,103,2026-09-21 16:00:00,http://simrs.internal:8080/health,8080,200
DATABASE,SIMRS-DB-01,running,12,2026-09-21 17:00:00,tcp://simrs-db.internal:5432,5432,0
DNS,DNS-01,running,9,2026-09-21 17:00:00,dns://dns-01.internal:53,53,0
FILE SERVER,FILE-01,running,12,2026-09-21 17:00:00,smb://file.internal:445,445,0
MONITORING,MONITOR-01,running,141,2026-09-21 17:00:00,http://monitor.internal:9090/-/healthy,9090,200
SIM-APOTEK,SIMRS-APP-01,running,106,2026-09-21 17:00:00,http://simrs.internal:8081/health,8081,200
SIMRS,SIMRS-APP-01,running,140,2026-09-21 17:00:00,http://simrs.internal:8080/health,8080,200
DATABASE,SIMRS-DB-01,running,4,2026-09-21 18:00:00,tcp://simrs-db.internal:5432,5432,0
DNS,DNS-01,running,11,2026-09-21 18:00:00,dns://dns-01.internal:53,53,0
FILE SERVER,FILE-01,running,9,2026-09-21 18:00:00,smb://file.internal:445,445,0
MONITORING,MONITOR-01,running,144,2026-09-21 18:00:00,http://monitor.internal:9090/-/healthy,9090,200
SIM-APOTEK,SIMRS-APP-01,running,118,2026-09-21 18:00:00,http://simrs.internal:8081/health,8081,200
SIMRS,SIMRS-APP-01,running,92,2026-09-21 18:00:00,http://simrs.internal:8080/health,8080,200
DATABASE,SIMRS-DB-01,running,10,2026-09-21 19:00:00,tcp://simrs-db.internal:5432,5432,0
DNS,DNS-01,running,8,2026-09-21 19:00:00,dns://dns-01.internal:53,53,0
FILE SERVER,FILE-01,running,3,2026-09-21 19:00:00,smb://file.internal:445,445,0
MONITORING,MONITOR-01,running,103,2026-09-21 19:00:00,http://monitor.internal:9090/-/healthy,9090,200
SIM-APOTEK,SIMRS-APP-01,running,95,2026-09-21 19:00:00,http://simrs.internal:8081/health,8081,200
SIMRS,SIMRS-APP-01,running,103,2026-09-21 19:00:00,http://simrs.internal:8080/health,8080,200
DATABASE,SIMRS-DB-01,running,3,2026-09-21 20:00:00,tcp://simrs-db.internal:5432,5432,0
DNS,DNS-01,running,10,2026-09-21 20:00:00,dns://dns-01.internal:53,53,0
FILE SERVER,FILE-01,running,14,2026-09-21 20:00:00,smb://file.internal:445,445,0
MONITORING,MONITOR-01,running,93,2026-09-21 20:00:00,http://monitor.internal:9090/-/healthy,9090,200
SIM-APOTEK,SIMRS-APP-01,running,119,2026-09-21 20:00:00,http://simrs.internal:8081/health,8081,200
SIMRS,SIMRS-APP-01,running,115,2026-09-21 20:00:00,http://simrs.internal:8080/health,8080,200
DATABASE,SIMRS-DB-01,running,8,2026-09-21 21:00:00,tcp://simrs-db.internal:5432,5432,0
DNS,DNS-01,running,10,2026-09-21 21:00:00,dns://dns-01.internal:53,53,0
FILE SERVER,FILE-01,running,3,2026-09-21 21:00:00,smb://file.internal:445,445,0
MONITORING,MONITOR-01,running,120,2026-09-21 21:00:00,http://monitor.internal:9090/-/healthy,9090,200
SIM-APOTEK,SIMRS-APP-01,running,143,2026-09-21 21:00:00,http://simrs.internal:8081/health,8081,200
SIMRS,SIMRS-APP-01,running,104,2026-09-21 21:00:00,http://simrs.internal:8080/health,8080,200
DATABASE,SIMRS-DB-01,running,10,2026-09-21 22:00:00,tcp://simrs-db.internal:5432,5432,0
DNS,DNS-01,running,5,2026-09-21 22:00:00,dns://dns-01.internal:53,53,0
FILE SERVER,FILE-01,running,13,2026-09-21 22:00:00,smb://file.internal:445,445,0
MONITORING,MONITOR-01,running,139,2026-09-21 22:00:00,http://monitor.internal:9090/-/healthy,9090,200
SIM-APOTEK,SIMRS-APP-01,running,103,2026-09-21 22:00:00,http://simrs.internal:8081/health,8081,200
SIMRS,SIMRS-APP-01,running,99,2026-09-21 22:00:00,http://simrs.internal:8080/health,8080,200
DATABASE,SIMRS-DB-01,running,9,2026-09-21 23:00:00,tcp://simrs-db.internal:5432,5432,0
DNS,DNS-01,running,8,2026-09-21 23:00:00,dns://dns-01.internal:53,53,0
FILE SERVER,FILE-01,running,8,2026-09-21 23:00:00,smb://file.internal:445,445,0
MONITORING,MONITOR-01,running,109,2026-09-21 23:00:00,http://monitor.internal:9090/-/healthy,9090,200
SIM-APOTEK,SIMRS-APP-01,running,111,2026-09-21 23:00:00,http://simrs.internal:8081/health,8081,200
SIMRS,SIMRS-APP-01,running,98,2026-09-21 23:00:00,http://simrs.internal:8080/health,8080,200
DATABASE,SIMRS-DB-01,running,11,2026-09-22 00:00:00,tcp://simrs-db.internal:5432,5432,0
DNS,DNS-01,running,9,2026-09-22 00:00:00,dns://dns-01.internal:53,53,0
FILE SERVER,FILE-01,running,8,2026-09-22 00:00:00,smb://file.internal:445,445,0
MONITORING,MONITOR-01,running,114,2026-09-22 00:00:00,http://monitor.internal:9090/-/healthy,9090,200
SIM-APOTEK,SIMRS-APP-01,running,123,2026-09-22 00:00:00,http://simrs.internal:8081/health,8081,200
SIMRS,SIMRS-APP-01,running,145,2026-09-22 00:00:00,http://simrs.internal:8080/health,8080,200
DATABASE,SIMRS-DB-01,running,6,2026-09-22 01:00:00,tcp://simrs-db.internal:5432,5432,0
DNS,DNS-01,running,4,2026-09-22 01:00:00,dns://dns-01.internal:53,53,0
FILE SERVER,FILE-01,running,11,2026-09-22 01:00:00,smb://file.internal:445,445,0
MONITORING,MONITOR-01,running,144,2026-09-22 01:00:00,http://monitor.internal:9090/-/healthy,9090,200
SIM-APOTEK,SIMRS-APP-01,running,117,2026-09-22 01:00:00,http://simrs.internal:8081/health,8081,200
SIMRS,SIMRS-APP-01,running,140,2026-09-22 01:00:00,http://simrs.internal:8080/health,8080,200
DATABASE,SIMRS-DB-01,running,12,2026-09-22 02:00:00,tcp://simrs-db.internal:5432,5432,0
DNS,DNS-01,running,10,2026-09-22 02:00:00,dns://dns-01.internal:53,53,0
FILE SERVER,FILE-01,running,11,2026-09-22 02:00:00,smb://file.internal:445,445,0
MONITORING,MONITOR-01,running,100,2026-09-22 02:00:00,http://monitor.internal:9090/-/healthy,9090,200
SIM-APOTEK,SIMRS-APP-01,running,110,2026-09-22 02:00:00,http://simrs.internal:8081/health,8081,200
SIMRS,SIMRS-APP-01,running,99,2026-09-22 02:00:00,http://simrs.internal:8080/health,8080,200
DATABASE,SIMRS-DB-01,running,13,2026-09-22 03:00:00,tcp://simrs-db.internal:5432,5432,0
DNS,DNS-01,running,3,2026-09-22 03:00:00,dns://dns-01.internal:53,53,0
FILE SERVER,FILE-01,running,3,2026-09-22 03:00:00,smb://file.internal:445,445,0
MONITORING,MONITOR-01,running,144,2026-09-22 03:00:00,http://monitor.internal:9090/-/healthy,9090,200
SIM-APOTEK,SIMRS-APP-01,running,123,2026-09-22 03:00:00,http://simrs.internal:8081/health,8081,200
SIMRS,SIMRS-APP-01,running,137,2026-09-22 03:00:00,http://simrs.internal:8080/health,8080,200
DATABASE,SIMRS-DB-01,running,7,2026-09-22 04:00:00,tcp://simrs-db.internal:5432,5432,0
DNS,DNS-01,running,10,2026-09-22 04:00:00,dns://dns-01.internal:53,53,0
FILE SERVER,FILE-01,running,5,2026-09-22 04:00:00,smb://file.internal:445,445,0
MONITORING,MONITOR-01,running,91,2026-09-22 04:00:00,http://monitor.internal:9090/-/healthy,9090,200
SIM-APOTEK,SIMRS-APP-01,running,91,2026-09-22 04:00:00,http://simrs.internal:8081/health,8081,200
SIMRS,SIMRS-APP-01,running,135,2026-09-22 04:00:00,http://simrs.internal:8080/health,8080,200
DATABASE,SIMRS-DB-01,running,9,2026-09-22 05:00:00,tcp://simrs-db.internal:5432,5432,0
DNS,DNS-01,running,6,2026-09-22 05:00:00,dns://dns-01.internal:53,53,0
FILE SERVER,FILE-01,running,8,2026-09-22 05:00:00,smb://file.internal:445,445,0
MONITORING,MONITOR-01,running,103,2026-09-22 05:00:00,http://monitor.internal:9090/-/healthy,9090,200
SIM-APOTEK,SIMRS-APP-01,running,149,2026-09-22 05:00:00,http://simrs.internal:8081/health,8081,200
SIMRS,SIMRS-APP-01,running,147,2026-09-22 05:00:00,http://simrs.internal:8080/health,8080,200
DATABASE,SIMRS-DB-01,running,13,2026-09-22 06:00:00,tcp://simrs-db.internal:5432,5432,0
DNS,DNS-01,running,6,2026-09-22 06:00:00,dns://dns-01.internal:53,53,0
FILE SERVER,FILE-01,running,4,2026-09-22 06:00:00,smb://file.internal:445,445,0
MONITORING,MONITOR-01,running,132,2026-09-22 06:00:00,http://monitor.internal:9090/-/healthy,9090,200
SIM-APOTEK,SIMRS-APP-01,running,139,2026-09-22 06:00:00,http://simrs.internal:8081/health,8081,200
SIMRS,SIMRS-APP-01,running,116,2026-09-22 06:00:00,http://simrs.internal:8080/health,8080,200
DATABASE,SIMRS-DB-01,running,11,2026-09-22 07:00:00,tcp://simrs-db.internal:5432,5432,0
DNS,DNS-01,running,11,2026-09-22 07:00:00,dns://dns-01.internal:53,53,0
FILE SERVER,FILE-01,running,10,2026-09-22 07:00:00,smb://file.internal:445,445,0
MONITORING,MONITOR-01,running,144,2026-09-22 07:00:00,http://monitor.internal:9090/-/healthy,9090,200
SIM-APOTEK,SIMRS-APP-01,running,142,2026-09-22 07:00:00,http://simrs.internal:8081/health,8081,200
SIMRS,SIMRS-APP-01,running,129,2026-09-22 07:00:00,http://simrs.internal:8080/health,8080,200
DATABASE,SIMRS-DB-01,running,12,2026-09-22 08:00:00,tcp://simrs-db.internal:5432,5432,0
DNS,DNS-01,running,14,2026-09-22 08:00:00,dns://dns-01.internal:53,53,0
FILE SERVER,FILE-01,running,6,2026-09-22 08:00:00,smb://file.internal:445,445,0
MONITORING,MONITOR-01,running,110,2026-09-22 08:00:00,http://monitor.internal:9090/-/healthy,9090,200
SIM-APOTEK,SIMRS-APP-01,running,141,2026-09-22 08:00:00,http://simrs.internal:8081/health,8081,200
SIMRS,SIMRS-APP-01,running,103,2026-09-22 08:00:00,http://simrs.internal:8080/health,8080,200
DATABASE,SIMRS-DB-01,running,12,2026-09-22 09:00:00,tcp://simrs-db.internal:5432,5432,0
DNS,DNS-01,running,3,2026-09-22 09:00:00,dns://dns-01.internal:53,53,0
FILE SERVER,FILE-01,running,10,2026-09-22 09:00:00,smb://file.internal:445,445,0
MONITORING,MONITOR-01,running,102,2026-09-22 09:00:00,http://monitor.internal:9090/-/healthy,9090,200
SIM-APOTEK,SIMRS-APP-01,running,110,2026-09-22 09:00:00,http://simrs.internal:8081/health,8081,200
SIMRS,SIMRS-APP-01,running,126,2026-09-22 09:00:00,http://simrs.internal:8080/health,8080,200
DATABASE,SIMRS-DB-01,running,4,2026-09-22 10:00:00,tcp://simrs-db.internal:5432,5432,0
DNS,DNS-01,running,11,2026-09-22 10:00:00,dns://dns-01.internal:53,53,0
FILE SERVER,FILE-01,running,8,2026-09-22 10:00:00,smb://file.internal:445,445,0
MONITORING,MONITOR-01,running,144,2026-09-22 10:00:00,http://monitor.internal:9090/-/healthy,9090,200
SIM-APOTEK,SIMRS-APP-01,running,149,2026-09-22 10:00:00,http://simrs.internal:8081/health,8081,200
SIMRS,SIMRS-APP-01,running,136,2026-09-22 10:00:00,http://simrs.internal:8080/health,8080,200
DATABASE,SIMRS-DB-01,running,5,2026-09-22 11:00:00,tcp://simrs-db.internal:5432,5432,0
DNS,DNS-01,running,6,2026-09-22 11:00:00,dns://dns-01.internal:53,53,0
FILE SERVER,FILE-01,running,11,2026-09-22 11:00:00,smb://file.internal:445,445,0
MONITORING,MONITOR-01,running,137,2026-09-22 11:00:00,http://monitor.internal:9090/-/healthy,9090,200
SIM-APOTEK,SIMRS-APP-01,running,125,2026-09-22 11:00:00,http://simrs.internal:8081/health,8081,200
SIMRS,SIMRS-APP-01,running,94,2026-09-22 11:00:00,http://simrs.internal:8080/health,8080,200
DATABASE,SIMRS-DB-01,running,10,2026-09-22 12:00:00,tcp://simrs-db.internal:5432,5432,0
DNS,DNS-01,running,7,2026-09-22 12:00:00,dns://dns-01.internal:53,53,0
FILE SERVER,FILE-01,running,11,2026-09-22 12:00:00,smb://file.internal:445,445,0
MONITORING,MONITOR-01,running,126,2026-09-22 12:00:00,http://monitor.internal:9090/-/healthy,9090,200
SIM-APOTEK,SIMRS-APP-01,running,97,2026-09-22 12:00:00,http://simrs.internal:8081/health,8081,200
SIMRS,SIMRS-APP-01,running,105,2026-09-22 12:00:00,http://simrs.internal:8080/health,8080,200
DATABASE,SIMRS-DB-01,running,5,2026-09-22 13:00:00,tcp://simrs-db.internal:5432,5432,0
DNS,DNS-01,running,5,2026-09-22 13:00:00,dns://dns-01.internal:53,53,0
FILE SERVER,FILE-01,running,11,2026-09-22 13:00:00,smb://file.internal:445,445,0
MONITORING,MONITOR-01,running,135,2026-09-22 13:00:00,http://monitor.internal:9090/-/healthy,9090,200
SIM-APOTEK,SIMRS-APP-01,running,121,2026-09-22 13:00:00,http://simrs.internal:8081/health,8081,200
SIMRS,SIMRS-APP-01,running,146,2026-09-22 13:00:00,http://simrs.internal:8080/health,8080,200
DATABASE,SIMRS-DB-01,running,12,2026-09-22 14:00:00,tcp://simrs-db.internal:5432,5432,0
DNS,DNS-01,running,6,2026-09-22 14:00:00,dns://dns-01.internal:53,53,0
FILE SERVER,FILE-01,running,14,2026-09-22 14:00:00,smb://file.internal:445,445,0
MONITORING,MONITOR-01,running,126,2026-09-22 14:00:00,http://monitor.internal:9090/-/healthy,9090,200
SIM-APOTEK,SIMRS-APP-01,running,150,2026-09-22 14:00:00,http://simrs.internal:8081/health,8081,200
SIMRS,SIMRS-APP-01,running,90,2026-09-22 14:00:00,http://simrs.internal:8080/health,8080,200
DATABASE,SIMRS-DB-01,running,10,2026-09-22 15:00:00,tcp://simrs-db.internal:5432,5432,0
DNS,DNS-01,running,4,2026-09-22 15:00:00,dns://dns-01.internal:53,53,0
FILE SERVER,FILE-01,running,7,2026-09-22 15:00:00,smb://file.internal:445,445,0
MONITORING,MONITOR-01,running,138,2026-09-22 15:00:00,http://monitor.internal:9090/-/healthy,9090,200
SIM-APOTEK,SIMRS-APP-01,running,125,2026-09-22 15:00:00,http://simrs.internal:8081/health,8081,200
SIMRS,SIMRS-APP-01,running,92,2026-09-22 15:00:00,http://simrs.internal:8080/health,8080,200
DATABASE,SIMRS-DB-01,running,4,2026-09-22 16:00:00,tcp://simrs-db.internal:5432,5432,0
DNS,DNS-01,running,7,2026-09-22 16:00:00,dns://dns-01.internal:53,53,0
FILE SERVER,FILE-01,running,13,2026-09-22 16:00:00,smb://file.internal:445,445,0
MONITORING,MONITOR-01,running,131,2026-09-22 16:00:00,http://monitor.internal:9090/-/healthy,9090,200
SIM-APOTEK,SIMRS-APP-01,running,90,2026-09-22 16:00:00,http://simrs.internal:8081/health,8081,200
SIMRS,SIMRS-APP-01,running,133,2026-09-22 16:00:00,http://simrs.internal:8080/health,8080,200
DATABASE,SIMRS-DB-01,running,10,2026-09-22 17:00:00,tcp://simrs-db.internal:5432,5432,0
DNS,DNS-01,running,14,2026-09-22 17:00:00,dns://dns-01.internal:53,53,0
FILE SERVER,FILE-01,running,10,2026-09-22 17:00:00,smb://file.internal:445,445,0
MONITORING,MONITOR-01,running,118,2026-09-22 17:00:00,http://monitor.internal:9090/-/healthy,9090,200
SIM-APOTEK,SIMRS-APP-01,running,119,2026-09-22 17:00:00,http://simrs.internal:8081/health,8081,200
SIMRS,SIMRS-APP-01,running,119,2026-09-22 17:00:00,http://simrs.internal:8080/health,8080,200
DATABASE,SIMRS-DB-01,running,10,2026-09-22 18:00:00,tcp://simrs-db.internal:5432,5432,0
DNS,DNS-01,running,3,2026-09-22 18:00:00,dns://dns-01.internal:53,53,0
FILE SERVER,FILE-01,running,7,2026-09-22 18:00:00,smb://file.internal:445,445,0
MONITORING,MONITOR-01,running,142,2026-09-22 18:00:00,http://monitor.internal:9090/-/healthy,9090,200
SIM-APOTEK,SIMRS-APP-01,running,108,2026-09-22 18:00:00,http://simrs.internal:8081/health,8081,200
SIMRS,SIMRS-APP-01,running,97,2026-09-22 18:00:00,http://simrs.internal:8080/health,8080,200
DATABASE,SIMRS-DB-01,running,13,2026-09-22 19:00:00,tcp://simrs-db.internal:5432,5432,0
DNS,DNS-01,running,13,2026-09-22 19:00:00,dns://dns-01.internal:53,53,0
FILE SERVER,FILE-01,running,10,2026-09-22 19:00:00,smb://file.internal:445,445,0
MONITORING,MONITOR-01,running,143,2026-09-22 19:00:00,http://monitor.internal:9090/-/healthy,9090,200
SIM-APOTEK,SIMRS-APP-01,running,94,2026-09-22 19:00:00,http://simrs.internal:8081/health,8081,200
SIMRS,SIMRS-APP-01,running,119,2026-09-22 19:00:00,http://simrs.internal:8080/health,8080,200
DATABASE,SIMRS-DB-01,running,11,2026-09-22 20:00:00,tcp://simrs-db.internal:5432,5432,0
DNS,DNS-01,running,14,2026-09-22 20:00:00,dns://dns-01.internal:53,53,0
FILE SERVER,FILE-01,running,7,2026-09-22 20:00:00,smb://file.internal:445,445,0
MONITORING,MONITOR-01,running,138,2026-09-22 20:00:00,http://monitor.internal:9090/-/healthy,9090,200
SIM-APOTEK,SIMRS-APP-01,running,107,2026-09-22 20:00:00,http://simrs.internal:8081/health,8081,200
SIMRS,SIMRS-APP-01,running,116,2026-09-22 20:00:00,http://simrs.internal:8080/health,8080,200
DATABASE,SIMRS-DB-01,running,8,2026-09-22 21:00:00,tcp://simrs-db.internal:5432,5432,0
DNS,DNS-01,running,5,2026-09-22 21:00:00,dns://dns-01.internal:53,53,0
FILE SERVER,FILE-01,running,9,2026-09-22 21:00:00,smb://file.internal:445,445,0
MONITORING,MONITOR-01,running,115,2026-09-22 21:00:00,http://monitor.internal:9090/-/healthy,9090,200
SIM-APOTEK,SIMRS-APP-01,running,150,2026-09-22 21:00:00,http://simrs.internal:8081/health,8081,200
SIMRS,SIMRS-APP-01,running,105,2026-09-22 21:00:00,http://simrs.internal:8080/health,8080,200
DATABASE,SIMRS-DB-01,running,12,2026-09-22 22:00:00,tcp://simrs-db.internal:5432,5432,0
DNS,DNS-01,running,13,2026-09-22 22:00:00,dns://dns-01.internal:53,53,0
FILE SERVER,FILE-01,running,13,2026-09-22 22:00:00,smb://file.internal:445,445,0
MONITORING,MONITOR-01,running,144,2026-09-22 22:00:00,http://monitor.internal:9090/-/healthy,9090,200
SIM-APOTEK,SIMRS-APP-01,running,116,2026-09-22 22:00:00,http://simrs.internal:8081/health,8081,200
SIMRS,SIMRS-APP-01,running,148,2026-09-22 22:00:00,http://simrs.internal:8080/health,8080,200
DATABASE,SIMRS-DB-01,running,9,2026-09-22 23:00:00,tcp://simrs-db.internal:5432,5432,0
DNS,DNS-01,running,7,2026-09-22 23:00:00,dns://dns-01.internal:53,53,0
FILE SERVER,FILE-01,running,9,2026-09-22 23:00:00,smb://file.internal:445,445,0
MONITORING,MONITOR-01,running,104,2026-09-22 23:00:00,http://monitor.internal:9090/-/healthy,9090,200
SIM-APOTEK,SIMRS-APP-01,running,125,2026-09-22 23:00:00,http://simrs.internal:8081/health,8081,200
SIMRS,SIMRS-APP-01,running,135,2026-09-22 23:00:00,http://simrs.internal:8080/health,8080,200
DATABASE,SIMRS-DB-01,running,12,2026-09-23 00:00:00,tcp://simrs-db.internal:5432,5432,0
DNS,DNS-01,running,11,2026-09-23 00:00:00,dns://dns-01.internal:53,53,0
FILE SERVER,FILE-01,running,8,2026-09-23 00:00:00,smb://file.internal:445,445,0
MONITORING,MONITOR-01,running,124,2026-09-23 00:00:00,http://monitor.internal:9090/-/healthy,9090,200
SIM-APOTEK,SIMRS-APP-01,running,104,2026-09-23 00:00:00,http://simrs.internal:8081/health,8081,200
SIMRS,SIMRS-APP-01,running,142,2026-09-23 00:00:00,http://simrs.internal:8080/health,8080,200
DATABASE,SIMRS-DB-01,running,9,2026-09-23 01:00:00,tcp://simrs-db.internal:5432,5432,0
DNS,DNS-01,running,10,2026-09-23 01:00:00,dns://dns-01.internal:53,53,0
FILE SERVER,FILE-01,running,6,2026-09-23 01:00:00,smb://file.internal:445,445,0
MONITORING,MONITOR-01,running,141,2026-09-23 01:00:00,http://monitor.internal:9090/-/healthy,9090,200
SIM-APOTEK,SIMRS-APP-01,running,141,2026-09-23 01:00:00,http://simrs.internal:8081/health,8081,200
SIMRS,SIMRS-APP-01,running,146,2026-09-23 01:00:00,http://simrs.internal:8080/health,8080,200
DATABASE,SIMRS-DB-01,running,14,2026-09-23 02:00:00,tcp://simrs-db.internal:5432,5432,0
DNS,DNS-01,running,8,2026-09-23 02:00:00,dns://dns-01.internal:53,53,0
FILE SERVER,FILE-01,running,8,2026-09-23 02:00:00,smb://file.internal:445,445,0
MONITORING,MONITOR-01,running,128,2026-09-23 02:00:00,http://monitor.internal:9090/-/healthy,9090,200
SIM-APOTEK,SIMRS-APP-01,running,130,2026-09-23 02:00:00,http://simrs.internal:8081/health,8081,200
SIMRS,SIMRS-APP-01,running,116,2026-09-23 02:00:00,http://simrs.internal:8080/health,8080,200
DATABASE,SIMRS-DB-01,running,3,2026-09-23 03:00:00,tcp://simrs-db.internal:5432,5432,0
DNS,DNS-01,running,5,2026-09-23 03:00:00,dns://dns-01.internal:53,53,0
FILE SERVER,FILE-01,running,8,2026-09-23 03:00:00,smb://file.internal:445,445,0
MONITORING,MONITOR-01,running,132,2026-09-23 03:00:00,http://monitor.internal:9090/-/healthy,9090,200
SIM-APOTEK,SIMRS-APP-01,running,132,2026-09-23 03:00:00,http://simrs.internal:8081/health,8081,200
SIMRS,SIMRS-APP-01,running,100,2026-09-23 03:00:00,http://simrs.internal:8080/health,8080,200
DATABASE,SIMRS-DB-01,running,8,2026-09-23 04:00:00,tcp://simrs-db.internal:5432,5432,0
DNS,DNS-01,running,6,2026-09-23 04:00:00,dns://dns-01.internal:53,53,0
FILE SERVER,FILE-01,running,9,2026-09-23 04:00:00,smb://file.internal:445,445,0
MONITORING,MONITOR-01,running,93,2026-09-23 04:00:00,http://monitor.internal:9090/-/healthy,9090,200
SIM-APOTEK,SIMRS-APP-01,running,108,2026-09-23 04:00:00,http://simrs.internal:8081/health,8081,200
SIMRS,SIMRS-APP-01,running,101,2026-09-23 04:00:00,http://simrs.internal:8080/health,8080,200
DATABASE,SIMRS-DB-01,running,11,2026-09-23 05:00:00,tcp://simrs-db.internal:5432,5432,0
DNS,DNS-01,running,5,2026-09-23 05:00:00,dns://dns-01.internal:53,53,0
FILE SERVER,FILE-01,running,8,2026-09-23 05:00:00,smb://file.internal:445,445,0
MONITORING,MONITOR-01,running,149,2026-09-23 05:00:00,http://monitor.internal:9090/-/healthy,9090,200
SIM-APOTEK,SIMRS-APP-01,running,126,2026-09-23 05:00:00,http://simrs.internal:8081/health,8081,200
SIMRS,SIMRS-APP-01,running,92,2026-09-23 05:00:00,http://simrs.internal:8080/health,8080,200
DATABASE,SIMRS-DB-01,running,4,2026-09-23 06:00:00,tcp://simrs-db.internal:5432,5432,0
DNS,DNS-01,running,10,2026-09-23 06:00:00,dns://dns-01.internal:53,53,0
FILE SERVER,FILE-01,running,14,2026-09-23 06:00:00,smb://file.internal:445,445,0
MONITORING,MONITOR-01,running,93,2026-09-23 06:00:00,http://monitor.internal:9090/-/healthy,9090,200
SIM-APOTEK,SIMRS-APP-01,running,122,2026-09-23 06:00:00,http://simrs.internal:8081/health,8081,200
SIMRS,SIMRS-APP-01,running,126,2026-09-23 06:00:00,http://simrs.internal:8080/health,8080,200
DATABASE,SIMRS-DB-01,running,10,2026-09-23 07:00:00,tcp://simrs-db.internal:5432,5432,0
DNS,DNS-01,running,10,2026-09-23 07:00:00,dns://dns-01.internal:53,53,0
FILE SERVER,FILE-01,running,14,2026-09-23 07:00:00,smb://file.internal:445,445,0
MONITORING,MONITOR-01,running,112,2026-09-23 07:00:00,http://monitor.internal:9090/-/healthy,9090,200
SIM-APOTEK,SIMRS-APP-01,running,134,2026-09-23 07:00:00,http://simrs.internal:8081/health,8081,200
SIMRS,SIMRS-APP-01,running,144,2026-09-23 07:00:00,http://simrs.internal:8080/health,8080,200
DATABASE,SIMRS-DB-01,running,7,2026-09-23 08:00:00,tcp://simrs-db.internal:5432,5432,0
DNS,DNS-01,running,13,2026-09-23 08:00:00,dns://dns-01.internal:53,53,0
FILE SERVER,FILE-01,running,13,2026-09-23 08:00:00,smb://file.internal:445,445,0
MONITORING,MONITOR-01,running,118,2026-09-23 08:00:00,http://monitor.internal:9090/-/healthy,9090,200
SIM-APOTEK,SIMRS-APP-01,running,117,2026-09-23 08:00:00,http://simrs.internal:8081/health,8081,200
SIMRS,SIMRS-APP-01,running,119,2026-09-23 08:00:00,http://simrs.internal:8080/health,8080,200
DATABASE,SIMRS-DB-01,running,3,2026-09-23 09:00:00,tcp://simrs-db.internal:5432,5432,0
DNS,DNS-01,running,13,2026-09-23 09:00:00,dns://dns-01.internal:53,53,0
FILE SERVER,FILE-01,running,9,2026-09-23 09:00:00,smb://file.internal:445,445,0
MONITORING,MONITOR-01,running,120,2026-09-23 09:00:00,http://monitor.internal:9090/-/healthy,9090,200
SIM-APOTEK,SIMRS-APP-01,running,150,2026-09-23 09:00:00,http://simrs.internal:8081/health,8081,200
SIMRS,SIMRS-APP-01,running,133,2026-09-23 09:00:00,http://simrs.internal:8080/health,8080,200
DATABASE,SIMRS-DB-01,running,10,2026-09-23 10:00:00,tcp://simrs-db.internal:5432,5432,0
DNS,DNS-01,running,5,2026-09-23 10:00:00,dns://dns-01.internal:53,53,0
FILE SERVER,FILE-01,running,13,2026-09-23 10:00:00,smb://file.internal:445,445,0
MONITORING,MONITOR-01,running,112,2026-09-23 10:00:00,http://monitor.internal:9090/-/healthy,9090,200
SIM-APOTEK,SIMRS-APP-01,running,127,2026-09-23 10:00:00,http://simrs.internal:8081/health,8081,200
SIMRS,SIMRS-APP-01,running,102,2026-09-23 10:00:00,http://simrs.internal:8080/health,8080,200
DATABASE,SIMRS-DB-01,running,13,2026-09-23 11:00:00,tcp://simrs-db.internal:5432,5432,0
DNS,DNS-01,running,10,2026-09-23 11:00:00,dns://dns-01.internal:53,53,0
FILE SERVER,FILE-01,running,12,2026-09-23 11:00:00,smb://file.internal:445,445,0
MONITORING,MONITOR-01,running,107,2026-09-23 11:00:00,http://monitor.internal:9090/-/healthy,9090,200
SIM-APOTEK,SIMRS-APP-01,running,96,2026-09-23 11:00:00,http://simrs.internal:8081/health,8081,200
SIMRS,SIMRS-APP-01,running,136,2026-09-23 11:00:00,http://simrs.internal:8080/health,8080,200
DATABASE,SIMRS-DB-01,running,5,2026-09-23 12:00:00,tcp://simrs-db.internal:5432,5432,0
DNS,DNS-01,running,8,2026-09-23 12:00:00,dns://dns-01.internal:53,53,0
FILE SERVER,FILE-01,running,3,2026-09-23 12:00:00,smb://file.internal:445,445,0
MONITORING,MONITOR-01,running,135,2026-09-23 12:00:00,http://monitor.internal:9090/-/healthy,9090,200
SIM-APOTEK,SIMRS-APP-01,running,118,2026-09-23 12:00:00,http://simrs.internal:8081/health,8081,200
SIMRS,SIMRS-APP-01,running,144,2026-09-23 12:00:00,http://simrs.internal:8080/health,8080,200
DATABASE,SIMRS-DB-01,running,7,2026-09-23 13:00:00,tcp://simrs-db.internal:5432,5432,0
DNS,DNS-01,running,7,2026-09-23 13:00:00,dns://dns-01.internal:53,53,0
FILE SERVER,FILE-01,running,11,2026-09-23 13:00:00,smb://file.internal:445,445,0
MONITORING,MONITOR-01,running,136,2026-09-23 13:00:00,http://monitor.internal:9090/-/healthy,9090,200
SIM-APOTEK,SIMRS-APP-01,running,113,2026-09-23 13:00:00,http://simrs.internal:8081/health,8081,200
SIMRS,SIMRS-APP-01,running,125,2026-09-23 13:00:00,http://simrs.internal:8080/health,8080,200
DATABASE,SIMRS-DB-01,running,12,2026-09-23 14:00:00,tcp://simrs-db.internal:5432,5432,0
DNS,DNS-01,running,7,2026-09-23 14:00:00,dns://dns-01.internal:53,53,0
FILE SERVER,FILE-01,running,3,2026-09-23 14:00:00,smb://file.internal:445,445,0
MONITORING,MONITOR-01,running,113,2026-09-23 14:00:00,http://monitor.internal:9090/-/healthy,9090,200
SIM-APOTEK,SIMRS-APP-01,running,109,2026-09-23 14:00:00,http://simrs.internal:8081/health,8081,200
SIMRS,SIMRS-APP-01,running,144,2026-09-23 14:00:00,http://simrs.internal:8080/health,8080,200
DATABASE,SIMRS-DB-01,running,4,2026-09-23 15:00:00,tcp://simrs-db.internal:5432,5432,0
DNS,DNS-01,running,13,2026-09-23 15:00:00,dns://dns-01.internal:53,53,0
FILE SERVER,FILE-01,running,14,2026-09-23 15:00:00,smb://file.internal:445,445,0
MONITORING,MONITOR-01,running,123,2026-09-23 15:00:00,http://monitor.internal:9090/-/healthy,9090,200
SIM-APOTEK,SIMRS-APP-01,running,130,2026-09-23 15:00:00,http://simrs.internal:8081/health,8081,200
SIMRS,SIMRS-APP-01,running,135,2026-09-23 15:00:00,http://simrs.internal:8080/health,8080,200
DATABASE,SIMRS-DB-01,running,13,2026-09-23 16:00:00,tcp://simrs-db.internal:5432,5432,0
DNS,DNS-01,running,9,2026-09-23 16:00:00,dns://dns-01.internal:53,53,0
FILE SERVER,FILE-01,running,6,2026-09-23 16:00:00,smb://file.internal:445,445,0
MONITORING,MONITOR-01,running,131,2026-09-23 16:00:00,http://monitor.internal:9090/-/healthy,9090,200
SIM-APOTEK,SIMRS-APP-01,running,117,2026-09-23 16:00:00,http://simrs.internal:8081/health,8081,200
SIMRS,SIMRS-APP-01,running,94,2026-09-23 16:00:00,http://simrs.internal:8080/health,8080,200
DATABASE,SIMRS-DB-01,running,8,2026-09-23 17:00:00,tcp://simrs-db.internal:5432,5432,0
DNS,DNS-01,running,13,2026-09-23 17:00:00,dns://dns-01.internal:53,53,0
FILE SERVER,FILE-01,running,10,2026-09-23 17:00:00,smb://file.internal:445,445,0
MONITORING,MONITOR-01,running,101,2026-09-23 17:00:00,http://monitor.internal:9090/-/healthy,9090,200
SIM-APOTEK,SIMRS-APP-01,running,94,2026-09-23 17:00:00,http://simrs.internal:8081/health,8081,200
SIMRS,SIMRS-APP-01,running,122,2026-09-23 17:00:00,http://simrs.internal:8080/health,8080,200
DATABASE,SIMRS-DB-01,running,11,2026-09-23 18:00:00,tcp://simrs-db.internal:5432,5432,0
DNS,DNS-01,running,10,2026-09-23 18:00:00,dns://dns-01.internal:53,53,0
FILE SERVER,FILE-01,running,3,2026-09-23 18:00:00,smb://file.internal:445,445,0
MONITORING,MONITOR-01,running,111,2026-09-23 18:00:00,http://monitor.internal:9090/-/healthy,9090,200
SIM-APOTEK,SIMRS-APP-01,running,105,2026-09-23 18:00:00,http://simrs.internal:8081/health,8081,200
SIMRS,SIMRS-APP-01,running,129,2026-09-23 18:00:00,http://simrs.internal:8080/health,8080,200
DATABASE,SIMRS-DB-01,running,8,2026-09-23 19:00:00,tcp://simrs-db.internal:5432,5432,0
DNS,DNS-01,running,7,2026-09-23 19:00:00,dns://dns-01.internal:53,53,0
FILE SERVER,FILE-01,running,5,2026-09-23 19:00:00,smb://file.internal:445,445,0
MONITORING,MONITOR-01,running,109,2026-09-23 19:00:00,http://monitor.internal:9090/-/healthy,9090,200
SIM-APOTEK,SIMRS-APP-01,running,134,2026-09-23 19:00:00,http://simrs.internal:8081/health,8081,200
SIMRS,SIMRS-APP-01,running,113,2026-09-23 19:00:00,http://simrs.internal:8080/health,8080,200
DATABASE,SIMRS-DB-01,running,7,2026-09-23 20:00:00,tcp://simrs-db.internal:5432,5432,0
DNS,DNS-01,running,6,2026-09-23 20:00:00,dns://dns-01.internal:53,53,0
FILE SERVER,FILE-01,running,10,2026-09-23 20:00:00,smb://file.internal:445,445,0
MONITORING,MONITOR-01,running,101,2026-09-23 20:00:00,http://monitor.internal:9090/-/healthy,9090,200
SIM-APOTEK,SIMRS-APP-01,running,126,2026-09-23 20:00:00,http://simrs.internal:8081/health,8081,200
SIMRS,SIMRS-APP-01,running,144,2026-09-23 20:00:00,http://simrs.internal:8080/health,8080,200
DATABASE,SIMRS-DB-01,running,13,2026-09-23 21:00:00,tcp://simrs-db.internal:5432,5432,0
DNS,DNS-01,running,3,2026-09-23 21:00:00,dns://dns-01.internal:53,53,0
FILE SERVER,FILE-01,running,3,2026-09-23 21:00:00,smb://file.internal:445,445,0
MONITORING,MONITOR-01,running,94,2026-09-23 21:00:00,http://monitor.internal:9090/-/healthy,9090,200
SIM-APOTEK,SIMRS-APP-01,running,121,2026-09-23 21:00:00,http://simrs.internal:8081/health,8081,200
SIMRS,SIMRS-APP-01,running,132,2026-09-23 21:00:00,http://simrs.internal:8080/health,8080,200
DATABASE,SIMRS-DB-01,running,11,2026-09-23 22:00:00,tcp://simrs-db.internal:5432,5432,0
DNS,DNS-01,running,14,2026-09-23 22:00:00,dns://dns-01.internal:53,53,0
FILE SERVER,FILE-01,running,3,2026-09-23 22:00:00,smb://file.internal:445,445,0
MONITORING,MONITOR-01,running,93,2026-09-23 22:00:00,http://monitor.internal:9090/-/healthy,9090,200
SIM-APOTEK,SIMRS-APP-01,running,127,2026-09-23 22:00:00,http://simrs.internal:8081/health,8081,200
SIMRS,SIMRS-APP-01,running,133,2026-09-23 22:00:00,http://simrs.internal:8080/health,8080,200
DATABASE,SIMRS-DB-01,running,13,2026-09-23 23:00:00,tcp://simrs-db.internal:5432,5432,0
DNS,DNS-01,running,3,2026-09-23 23:00:00,dns://dns-01.internal:53,53,0
FILE SERVER,FILE-01,running,3,2026-09-23 23:00:00,smb://file.internal:445,445,0
MONITORING,MONITOR-01,running,117,2026-09-23 23:00:00,http://monitor.internal:9090/-/healthy,9090,200
SIM-APOTEK,SIMRS-APP-01,running,113,2026-09-23 23:00:00,http://simrs.internal:8081/health,8081,200
SIMRS,SIMRS-APP-01,running,121,2026-09-23 23:00:00,http://simrs.internal:8080/health,8080,200
DATABASE,SIMRS-DB-01,running,9,2026-09-24 00:00:00,tcp://simrs-db.internal:5432,5432,0
DNS,DNS-01,running,14,2026-09-24 00:00:00,dns://dns-01.internal:53,53,0
FILE SERVER,FILE-01,running,9,2026-09-24 00:00:00,smb://file.internal:445,445,0
MONITORING,MONITOR-01,running,97,2026-09-24 00:00:00,http://monitor.internal:9090/-/healthy,9090,200
SIM-APOTEK,SIMRS-APP-01,running,140,2026-09-24 00:00:00,http://simrs.internal:8081/health,8081,200
SIMRS,SIMRS-APP-01,running,115,2026-09-24 00:00:00,http://simrs.internal:8080/health,8080,200
DATABASE,SIMRS-DB-01,running,10,2026-09-24 01:00:00,tcp://simrs-db.internal:5432,5432,0
DNS,DNS-01,running,12,2026-09-24 01:00:00,dns://dns-01.internal:53,53,0
FILE SERVER,FILE-01,running,9,2026-09-24 01:00:00,smb://file.internal:445,445,0
MONITORING,MONITOR-01,running,140,2026-09-24 01:00:00,http://monitor.internal:9090/-/healthy,9090,200
SIM-APOTEK,SIMRS-APP-01,running,106,2026-09-24 01:00:00,http://simrs.internal:8081/health,8081,200
SIMRS,SIMRS-APP-01,running,133,2026-09-24 01:00:00,http://simrs.internal:8080/health,8080,200
DATABASE,SIMRS-DB-01,running,4,2026-09-24 02:00:00,tcp://simrs-db.internal:5432,5432,0
DNS,DNS-01,running,11,2026-09-24 02:00:00,dns://dns-01.internal:53,53,0
FILE SERVER,FILE-01,running,5,2026-09-24 02:00:00,smb://file.internal:445,445,0
MONITORING,MONITOR-01,running,150,2026-09-24 02:00:00,http://monitor.internal:9090/-/healthy,9090,200
SIM-APOTEK,SIMRS-APP-01,running,146,2026-09-24 02:00:00,http://simrs.internal:8081/health,8081,200
SIMRS,SIMRS-APP-01,running,121,2026-09-24 02:00:00,http://simrs.internal:8080/health,8080,200
DATABASE,SIMRS-DB-01,running,11,2026-09-24 03:00:00,tcp://simrs-db.internal:5432,5432,0
DNS,DNS-01,running,7,2026-09-24 03:00:00,dns://dns-01.internal:53,53,0
FILE SERVER,FILE-01,running,14,2026-09-24 03:00:00,smb://file.internal:445,445,0
MONITORING,MONITOR-01,running,127,2026-09-24 03:00:00,http://monitor.internal:9090/-/healthy,9090,200
SIM-APOTEK,SIMRS-APP-01,running,144,2026-09-24 03:00:00,http://simrs.internal:8081/health,8081,200
SIMRS,SIMRS-APP-01,running,105,2026-09-24 03:00:00,http://simrs.internal:8080/health,8080,200
DATABASE,SIMRS-DB-01,running,8,2026-09-24 04:00:00,tcp://simrs-db.internal:5432,5432,0
DNS,DNS-01,running,3,2026-09-24 04:00:00,dns://dns-01.internal:53,53,0
FILE SERVER,FILE-01,running,9,2026-09-24 04:00:00,smb://file.internal:445,445,0
MONITORING,MONITOR-01,running,148,2026-09-24 04:00:00,http://monitor.internal:9090/-/healthy,9090,200
SIM-APOTEK,SIMRS-APP-01,running,110,2026-09-24 04:00:00,http://simrs.internal:8081/health,8081,200
SIMRS,SIMRS-APP-01,running,127,2026-09-24 04:00:00,http://simrs.internal:8080/health,8080,200
DATABASE,SIMRS-DB-01,running,6,2026-09-24 05:00:00,tcp://simrs-db.internal:5432,5432,0
DNS,DNS-01,running,14,2026-09-24 05:00:00,dns://dns-01.internal:53,53,0
FILE SERVER,FILE-01,running,7,2026-09-24 05:00:00,smb://file.internal:445,445,0
MONITORING,MONITOR-01,running,109,2026-09-24 05:00:00,http://monitor.internal:9090/-/healthy,9090,200
SIM-APOTEK,SIMRS-APP-01,running,139,2026-09-24 05:00:00,http://simrs.internal:8081/health,8081,200
SIMRS,SIMRS-APP-01,running,103,2026-09-24 05:00:00,http://simrs.internal:8080/health,8080,200
DATABASE,SIMRS-DB-01,running,13,2026-09-24 06:00:00,tcp://simrs-db.internal:5432,5432,0
DNS,DNS-01,running,11,2026-09-24 06:00:00,dns://dns-01.internal:53,53,0
FILE SERVER,FILE-01,running,6,2026-09-24 06:00:00,smb://file.internal:445,445,0
MONITORING,MONITOR-01,running,125,2026-09-24 06:00:00,http://monitor.internal:9090/-/healthy,9090,200
SIM-APOTEK,SIMRS-APP-01,running,146,2026-09-24 06:00:00,http://simrs.internal:8081/health,8081,200
SIMRS,SIMRS-APP-01,running,144,2026-09-24 06:00:00,http://simrs.internal:8080/health,8080,200
DATABASE,SIMRS-DB-01,running,4,2026-09-24 07:00:00,tcp://simrs-db.internal:5432,5432,0
DNS,DNS-01,running,5,2026-09-24 07:00:00,dns://dns-01.internal:53,53,0
FILE SERVER,FILE-01,running,4,2026-09-24 07:00:00,smb://file.internal:445,445,0
MONITORING,MONITOR-01,running,141,2026-09-24 07:00:00,http://monitor.internal:9090/-/healthy,9090,200
SIM-APOTEK,SIMRS-APP-01,running,127,2026-09-24 07:00:00,http://simrs.internal:8081/health,8081,200
SIMRS,SIMRS-APP-01,running,118,2026-09-24 07:00:00,http://simrs.internal:8080/health,8080,200
DATABASE,SIMRS-DB-01,running,11,2026-09-24 08:00:00,tcp://simrs-db.internal:5432,5432,0
DNS,DNS-01,running,7,2026-09-24 08:00:00,dns://dns-01.internal:53,53,0
FILE SERVER,FILE-01,running,11,2026-09-24 08:00:00,smb://file.internal:445,445,0
MONITORING,MONITOR-01,running,139,2026-09-24 08:00:00,http://monitor.internal:9090/-/healthy,9090,200
SIM-APOTEK,SIMRS-APP-01,running,135,2026-09-24 08:00:00,http://simrs.internal:8081/health,8081,200
SIMRS,SIMRS-APP-01,running,122,2026-09-24 08:00:00,http://simrs.internal:8080/health,8080,200
DATABASE,SIMRS-DB-01,running,8,2026-09-24 08:30:00,tcp://simrs-db.internal:5432,5432,0
DNS,DNS-01,running,11,2026-09-24 08:30:00,dns://dns-01.internal:53,53,0
FILE SERVER,FILE-01,running,10,2026-09-24 08:30:00,smb://file.internal:445,445,0
MONITORING,MONITOR-01,running,100,2026-09-24 08:30:00,http://monitor.internal:9090/-/healthy,9090,200
SIM-APOTEK,SIMRS-APP-01,running,94,2026-09-24 08:30:00,http://simrs.internal:8081/health,8081,200
SIMRS,SIMRS-APP-01,running,136,2026-09-24 08:30:00,http://simrs.internal:8080/health,8080,200
DATABASE,SIMRS-DB-01,running,9,2026-09-24 08:31:00,tcp://simrs-db.internal:5432,5432,0
DNS,DNS-01,running,11,2026-09-24 08:31:00,dns://dns-01.internal:53,53,0
FILE SERVER,FILE-01,running,4,2026-09-24 08:31:00,smb://file.internal:445,445,0
MONITORING,MONITOR-01,running,132,2026-09-24 08:31:00,http://monitor.internal:9090/-/healthy,9090,200
SIM-APOTEK,SIMRS-APP-01,running,110,2026-09-24 08:31:00,http://simrs.internal:8081/health,8081,200
SIMRS,SIMRS-APP-01,running,107,2026-09-24 08:31:00,http://simrs.internal:8080/health,8080,200
DATABASE,SIMRS-DB-01,running,8,2026-09-24 08:32:00,tcp://simrs-db.internal:5432,5432,0
DNS,DNS-01,running,6,2026-09-24 08:32:00,dns://dns-01.internal:53,53,0
FILE SERVER,FILE-01,running,5,2026-09-24 08:32:00,smb://file.internal:445,445,0
MONITORING,MONITOR-01,running,130,2026-09-24 08:32:00,http://monitor.internal:9090/-/healthy,9090,200
SIM-APOTEK,SIMRS-APP-01,running,115,2026-09-24 08:32:00,http://simrs.internal:8081/health,8081,200
SIMRS,SIMRS-APP-01,running,94,2026-09-24 08:32:00,http://simrs.internal:8080/health,8080,200
DATABASE,SIMRS-DB-01,running,3,2026-09-24 08:33:00,tcp://simrs-db.internal:5432,5432,0
DNS,DNS-01,running,5,2026-09-24 08:33:00,dns://dns-01.internal:53,53,0
FILE SERVER,FILE-01,running,3,2026-09-24 08:33:00,smb://file.internal:445,445,0
MONITORING,MONITOR-01,running,99,2026-09-24 08:33:00,http://monitor.internal:9090/-/healthy,9090,200
SIM-APOTEK,SIMRS-APP-01,running,114,2026-09-24 08:33:00,http://simrs.internal:8081/health,8081,200
SIMRS,SIMRS-APP-01,running,126,2026-09-24 08:33:00,http://simrs.internal:8080/health,8080,200
DATABASE,SIMRS-DB-01,running,5,2026-09-24 08:34:00,tcp://simrs-db.internal:5432,5432,0
DNS,DNS-01,running,11,2026-09-24 08:34:00,dns://dns-01.internal:53,53,0
FILE SERVER,FILE-01,running,11,2026-09-24 08:34:00,smb://file.internal:445,445,0
MONITORING,MONITOR-01,running,122,2026-09-24 08:34:00,http://monitor.internal:9090/-/healthy,9090,200
SIM-APOTEK,SIMRS-APP-01,running,111,2026-09-24 08:34:00,http://simrs.internal:8081/health,8081,200
SIMRS,SIMRS-APP-01,running,127,2026-09-24 08:34:00,http://simrs.internal:8080/health,8080,200
DATABASE,SIMRS-DB-01,running,7,2026-09-24 08:35:00,tcp://simrs-db.internal:5432,5432,0
DNS,DNS-01,running,5,2026-09-24 08:35:00,dns://dns-01.internal:53,53,0
FILE SERVER,FILE-01,running,12,2026-09-24 08:35:00,smb://file.internal:445,445,0
MONITORING,MONITOR-01,running,124,2026-09-24 08:35:00,http://monitor.internal:9090/-/healthy,9090,200
SIM-APOTEK,SIMRS-APP-01,running,103,2026-09-24 08:35:00,http://simrs.internal:8081/health,8081,200
SIMRS,SIMRS-APP-01,running,90,2026-09-24 08:35:00,http://simrs.internal:8080/health,8080,200
DATABASE,SIMRS-DB-01,running,7,2026-09-24 08:36:00,tcp://simrs-db.internal:5432,5432,0
DNS,DNS-01,running,13,2026-09-24 08:36:00,dns://dns-01.internal:53,53,0
FILE SERVER,FILE-01,running,6,2026-09-24 08:36:00,smb://file.internal:445,445,0
MONITORING,MONITOR-01,running,114,2026-09-24 08:36:00,http://monitor.internal:9090/-/healthy,9090,200
SIM-APOTEK,SIMRS-APP-01,running,148,2026-09-24 08:36:00,http://simrs.internal:8081/health,8081,200
SIMRS,SIMRS-APP-01,running,106,2026-09-24 08:36:00,http://simrs.internal:8080/health,8080,200
DATABASE,SIMRS-DB-01,running,6,2026-09-24 08:37:00,tcp://simrs-db.internal:5432,5432,0
DNS,DNS-01,running,8,2026-09-24 08:37:00,dns://dns-01.internal:53,53,0
FILE SERVER,FILE-01,running,12,2026-09-24 08:37:00,smb://file.internal:445,445,0
MONITORING,MONITOR-01,running,103,2026-09-24 08:37:00,http://monitor.internal:9090/-/healthy,9090,200
SIM-APOTEK,SIMRS-APP-01,running,94,2026-09-24 08:37:00,http://simrs.internal:8081/health,8081,200
SIMRS,SIMRS-APP-01,running,96,2026-09-24 08:37:00,http://simrs.internal:8080/health,8080,200
DATABASE,SIMRS-DB-01,running,9,2026-09-24 08:38:00,tcp://simrs-db.internal:5432,5432,0
DNS,DNS-01,running,5,2026-09-24 08:38:00,dns://dns-01.internal:53,53,0
FILE SERVER,FILE-01,running,8,2026-09-24 08:38:00,smb://file.internal:445,445,0
MONITORING,MONITOR-01,running,115,2026-09-24 08:38:00,http://monitor.internal:9090/-/healthy,9090,200
SIM-APOTEK,SIMRS-APP-01,running,115,2026-09-24 08:38:00,http://simrs.internal:8081/health,8081,200
SIMRS,SIMRS-APP-01,running,131,2026-09-24 08:38:00,http://simrs.internal:8080/health,8080,200
DATABASE,SIMRS-DB-01,running,3,2026-09-24 08:39:00,tcp://simrs-db.internal:5432,5432,0
DNS,DNS-01,running,11,2026-09-24 08:39:00,dns://dns-01.internal:53,53,0
FILE SERVER,FILE-01,running,7,2026-09-24 08:39:00,smb://file.internal:445,445,0
MONITORING,MONITOR-01,running,97,2026-09-24 08:39:00,http://monitor.internal:9090/-/healthy,9090,200
SIM-APOTEK,SIMRS-APP-01,running,102,2026-09-24 08:39:00,http://simrs.internal:8081/health,8081,200
SIMRS,SIMRS-APP-01,running,120,2026-09-24 08:39:00,http://simrs.internal:8080/health,8080,200
DATABASE,SIMRS-DB-01,running,6,2026-09-24 08:40:00,tcp://simrs-db.internal:5432,5432,0
DNS,DNS-01,running,4,2026-09-24 08:40:00,dns://dns-01.internal:53,53,0
FILE SERVER,FILE-01,running,8,2026-09-24 08:40:00,smb://file.internal:445,445,0
MONITORING,MONITOR-01,running,145,2026-09-24 08:40:00,http://monitor.internal:9090/-/healthy,9090,200
SIM-APOTEK,SIMRS-APP-01,running,129,2026-09-24 08:40:00,http://simrs.internal:8081/health,8081,200
SIMRS,SIMRS-APP-01,running,103,2026-09-24 08:40:00,http://simrs.internal:8080/health,8080,200
DATABASE,SIMRS-DB-01,running,13,2026-09-24 08:41:00,tcp://simrs-db.internal:5432,5432,0
DNS,DNS-01,running,5,2026-09-24 08:41:00,dns://dns-01.internal:53,53,0
FILE SERVER,FILE-01,running,6,2026-09-24 08:41:00,smb://file.internal:445,445,0
MONITORING,MONITOR-01,running,149,2026-09-24 08:41:00,http://monitor.internal:9090/-/healthy,9090,200
SIM-APOTEK,SIMRS-APP-01,running,147,2026-09-24 08:41:00,http://simrs.internal:8081/health,8081,200
SIMRS,SIMRS-APP-01,running,129,2026-09-24 08:41:00,http://simrs.internal:8080/health,8080,200
DATABASE,SIMRS-DB-01,running,3,2026-09-24 08:42:00,tcp://simrs-db.internal:5432,5432,0
DNS,DNS-01,running,8,2026-09-24 08:42:00,dns://dns-01.internal:53,53,0
FILE SERVER,FILE-01,running,12,2026-09-24 08:42:00,smb://file.internal:445,445,0
MONITORING,MONITOR-01,running,125,2026-09-24 08:42:00,http://monitor.internal:9090/-/healthy,9090,200
SIM-APOTEK,SIMRS-APP-01,running,99,2026-09-24 08:42:00,http://simrs.internal:8081/health,8081,200
SIMRS,SIMRS-APP-01,running,149,2026-09-24 08:42:00,http://simrs.internal:8080/health,8080,200
DATABASE,SIMRS-DB-01,running,11,2026-09-24 08:43:00,tcp://simrs-db.internal:5432,5432,0
DNS,DNS-01,running,14,2026-09-24 08:43:00,dns://dns-01.internal:53,53,0
FILE SERVER,FILE-01,running,13,2026-09-24 08:43:00,smb://file.internal:445,445,0
MONITORING,MONITOR-01,running,117,2026-09-24 08:43:00,http://monitor.internal:9090/-/healthy,9090,200
SIM-APOTEK,SIMRS-APP-01,running,146,2026-09-24 08:43:00,http://simrs.internal:8081/health,8081,200
SIMRS,SIMRS-APP-01,running,100,2026-09-24 08:43:00,http://simrs.internal:8080/health,8080,200
DATABASE,SIMRS-DB-01,running,3,2026-09-24 08:44:00,tcp://simrs-db.internal:5432,5432,0
DNS,DNS-01,running,14,2026-09-24 08:44:00,dns://dns-01.internal:53,53,0
FILE SERVER,FILE-01,running,13,2026-09-24 08:44:00,smb://file.internal:445,445,0
MONITORING,MONITOR-01,running,98,2026-09-24 08:44:00,http://monitor.internal:9090/-/healthy,9090,200
SIM-APOTEK,SIMRS-APP-01,running,145,2026-09-24 08:44:00,http://simrs.internal:8081/health,8081,200
SIMRS,SIMRS-APP-01,running,92,2026-09-24 08:44:00,http://simrs.internal:8080/health,8080,200
DATABASE,SIMRS-DB-01,running,3,2026-09-24 08:45:00,tcp://simrs-db.internal:5432,5432,0
DNS,DNS-01,running,13,2026-09-24 08:45:00,dns://dns-01.internal:53,53,0
FILE SERVER,FILE-01,running,12,2026-09-24 08:45:00,smb://file.internal:445,445,0
MONITORING,MONITOR-01,running,125,2026-09-24 08:45:00,http://monitor.internal:9090/-/healthy,9090,200
SIM-APOTEK,SIMRS-APP-01,running,119,2026-09-24 08:45:00,http://simrs.internal:8081/health,8081,200
SIMRS,SIMRS-APP-01,running,144,2026-09-24 08:45:00,http://simrs.internal:8080/health,8080,200
DATABASE,SIMRS-DB-01,running,5,2026-09-24 08:46:00,tcp://simrs-db.internal:5432,5432,0
DNS,DNS-01,running,10,2026-09-24 08:46:00,dns://dns-01.internal:53,53,0
FILE SERVER,FILE-01,running,13,2026-09-24 08:46:00,smb://file.internal:445,445,0
MONITORING,MONITOR-01,running,108,2026-09-24 08:46:00,http://monitor.internal:9090/-/healthy,9090,200
SIM-APOTEK,SIMRS-APP-01,running,97,2026-09-24 08:46:00,http://simrs.internal:8081/health,8081,200
SIMRS,SIMRS-APP-01,running,129,2026-09-24 08:46:00,http://simrs.internal:8080/health,8080,200
DATABASE,SIMRS-DB-01,running,3,2026-09-24 08:47:00,tcp://simrs-db.internal:5432,5432,0
DNS,DNS-01,running,6,2026-09-24 08:47:00,dns://dns-01.internal:53,53,0
FILE SERVER,FILE-01,running,10,2026-09-24 08:47:00,smb://file.internal:445,445,0
MONITORING,MONITOR-01,running,99,2026-09-24 08:47:00,http://monitor.internal:9090/-/healthy,9090,200
SIM-APOTEK,SIMRS-APP-01,running,107,2026-09-24 08:47:00,http://simrs.internal:8081/health,8081,200
SIMRS,SIMRS-APP-01,running,139,2026-09-24 08:47:00,http://simrs.internal:8080/health,8080,200
DATABASE,SIMRS-DB-01,running,10,2026-09-24 08:48:00,tcp://simrs-db.internal:5432,5432,0
DNS,DNS-01,running,3,2026-09-24 08:48:00,dns://dns-01.internal:53,53,0
FILE SERVER,FILE-01,running,4,2026-09-24 08:48:00,smb://file.internal:445,445,0
MONITORING,MONITOR-01,running,93,2026-09-24 08:48:00,http://monitor.internal:9090/-/healthy,9090,200
SIM-APOTEK,SIMRS-APP-01,running,119,2026-09-24 08:48:00,http://simrs.internal:8081/health,8081,200
SIMRS,SIMRS-APP-01,running,148,2026-09-24 08:48:00,http://simrs.internal:8080/health,8080,200
DATABASE,SIMRS-DB-01,running,7,2026-09-24 08:49:00,tcp://simrs-db.internal:5432,5432,0
DNS,DNS-01,running,7,2026-09-24 08:49:00,dns://dns-01.internal:53,53,0
FILE SERVER,FILE-01,running,6,2026-09-24 08:49:00,smb://file.internal:445,445,0
MONITORING,MONITOR-01,running,106,2026-09-24 08:49:00,http://monitor.internal:9090/-/healthy,9090,200
SIM-APOTEK,SIMRS-APP-01,running,137,2026-09-24 08:49:00,http://simrs.internal:8081/health,8081,200
SIMRS,SIMRS-APP-01,running,132,2026-09-24 08:49:00,http://simrs.internal:8080/health,8080,200
DATABASE,SIMRS-DB-01,running,14,2026-09-24 08:50:00,tcp://simrs-db.internal:5432,5432,0
DNS,DNS-01,running,11,2026-09-24 08:50:00,dns://dns-01.internal:53,53,0
FILE SERVER,FILE-01,running,11,2026-09-24 08:50:00,smb://file.internal:445,445,0
MONITORING,MONITOR-01,running,92,2026-09-24 08:50:00,http://monitor.internal:9090/-/healthy,9090,200
SIM-APOTEK,SIMRS-APP-01,running,136,2026-09-24 08:50:00,http://simrs.internal:8081/health,8081,200
SIMRS,SIMRS-APP-01,running,137,2026-09-24 08:50:00,http://simrs.internal:8080/health,8080,200
DATABASE,SIMRS-DB-01,running,6,2026-09-24 08:51:00,tcp://simrs-db.internal:5432,5432,0
DNS,DNS-01,running,13,2026-09-24 08:51:00,dns://dns-01.internal:53,53,0
FILE SERVER,FILE-01,running,11,2026-09-24 08:51:00,smb://file.internal:445,445,0
MONITORING,MONITOR-01,running,96,2026-09-24 08:51:00,http://monitor.internal:9090/-/healthy,9090,200
SIM-APOTEK,SIMRS-APP-01,running,150,2026-09-24 08:51:00,http://simrs.internal:8081/health,8081,200
SIMRS,SIMRS-APP-01,running,118,2026-09-24 08:51:00,http://simrs.internal:8080/health,8080,200
DATABASE,SIMRS-DB-01,running,13,2026-09-24 08:52:00,tcp://simrs-db.internal:5432,5432,0
DNS,DNS-01,running,13,2026-09-24 08:52:00,dns://dns-01.internal:53,53,0
FILE SERVER,FILE-01,running,6,2026-09-24 08:52:00,smb://file.internal:445,445,0
MONITORING,MONITOR-01,running,135,2026-09-24 08:52:00,http://monitor.internal:9090/-/healthy,9090,200
SIM-APOTEK,SIMRS-APP-01,running,120,2026-09-24 08:52:00,http://simrs.internal:8081/health,8081,200
SIMRS,SIMRS-APP-01,running,130,2026-09-24 08:52:00,http://simrs.internal:8080/health,8080,200
DATABASE,SIMRS-DB-01,running,8,2026-09-24 08:53:00,tcp://simrs-db.internal:5432,5432,0
DNS,DNS-01,running,10,2026-09-24 08:53:00,dns://dns-01.internal:53,53,0
FILE SERVER,FILE-01,running,14,2026-09-24 08:53:00,smb://file.internal:445,445,0
MONITORING,MONITOR-01,running,146,2026-09-24 08:53:00,http://monitor.internal:9090/-/healthy,9090,200
SIM-APOTEK,SIMRS-APP-01,running,119,2026-09-24 08:53:00,http://simrs.internal:8081/health,8081,200
SIMRS,SIMRS-APP-01,running,148,2026-09-24 08:53:00,http://simrs.internal:8080/health,8080,200
DATABASE,SIMRS-DB-01,running,6,2026-09-24 08:54:00,tcp://simrs-db.internal:5432,5432,0
DNS,DNS-01,running,3,2026-09-24 08:54:00,dns://dns-01.internal:53,53,0
FILE SERVER,FILE-01,running,13,2026-09-24 08:54:00,smb://file.internal:445,445,0
MONITORING,MONITOR-01,running,109,2026-09-24 08:54:00,http://monitor.internal:9090/-/healthy,9090,200
SIM-APOTEK,SIMRS-APP-01,running,143,2026-09-24 08:54:00,http://simrs.internal:8081/health,8081,200
SIMRS,SIMRS-APP-01,running,100,2026-09-24 08:54:00,http://simrs.internal:8080/health,8080,200
DATABASE,SIMRS-DB-01,running,6,2026-09-24 08:55:00,tcp://simrs-db.internal:5432,5432,0
DNS,DNS-01,running,5,2026-09-24 08:55:00,dns://dns-01.internal:53,53,0
FILE SERVER,FILE-01,running,9,2026-09-24 08:55:00,smb://file.internal:445,445,0
MONITORING,MONITOR-01,running,104,2026-09-24 08:55:00,http://monitor.internal:9090/-/healthy,9090,200
SIM-APOTEK,SIMRS-APP-01,running,140,2026-09-24 08:55:00,http://simrs.internal:8081/health,8081,200
SIMRS,SIMRS-APP-01,running,104,2026-09-24 08:55:00,http://simrs.internal:8080/health,8080,200
DATABASE,SIMRS-DB-01,running,8,2026-09-24 08:56:00,tcp://simrs-db.internal:5432,5432,0
DNS,DNS-01,running,3,2026-09-24 08:56:00,dns://dns-01.internal:53,53,0
FILE SERVER,FILE-01,running,9,2026-09-24 08:56:00,smb://file.internal:445,445,0
MONITORING,MONITOR-01,running,99,2026-09-24 08:56:00,http://monitor.internal:9090/-/healthy,9090,200
SIM-APOTEK,SIMRS-APP-01,running,128,2026-09-24 08:56:00,http://simrs.internal:8081/health,8081,200
SIMRS,SIMRS-APP-01,running,127,2026-09-24 08:56:00,http://simrs.internal:8080/health,8080,200
DATABASE,SIMRS-DB-01,running,8,2026-09-24 08:57:00,tcp://simrs-db.internal:5432,5432,0
DNS,DNS-01,running,14,2026-09-24 08:57:00,dns://dns-01.internal:53,53,0
FILE SERVER,FILE-01,running,8,2026-09-24 08:57:00,smb://file.internal:445,445,0
MONITORING,MONITOR-01,running,93,2026-09-24 08:57:00,http://monitor.internal:9090/-/healthy,9090,200
SIM-APOTEK,SIMRS-APP-01,running,92,2026-09-24 08:57:00,http://simrs.internal:8081/health,8081,200
SIMRS,SIMRS-APP-01,running,117,2026-09-24 08:57:00,http://simrs.internal:8080/health,8080,200
DATABASE,SIMRS-DB-01,running,13,2026-09-24 08:58:00,tcp://simrs-db.internal:5432,5432,0
DNS,DNS-01,running,3,2026-09-24 08:58:00,dns://dns-01.internal:53,53,0
FILE SERVER,FILE-01,running,12,2026-09-24 08:58:00,smb://file.internal:445,445,0
MONITORING,MONITOR-01,running,92,2026-09-24 08:58:00,http://monitor.internal:9090/-/healthy,9090,200
SIM-APOTEK,SIMRS-APP-01,running,103,2026-09-24 08:58:00,http://simrs.internal:8081/health,8081,200
SIMRS,SIMRS-APP-01,running,113,2026-09-24 08:58:00,http://simrs.internal:8080/health,8080,200
DATABASE,SIMRS-DB-01,running,5,2026-09-24 08:59:00,tcp://simrs-db.internal:5432,5432,0
DNS,DNS-01,running,3,2026-09-24 08:59:00,dns://dns-01.internal:53,53,0
FILE SERVER,FILE-01,running,4,2026-09-24 08:59:00,smb://file.internal:445,445,0
MONITORING,MONITOR-01,running,97,2026-09-24 08:59:00,http://monitor.internal:9090/-/healthy,9090,200
SIM-APOTEK,SIMRS-APP-01,running,146,2026-09-24 08:59:00,http://simrs.internal:8081/health,8081,200
SIMRS,SIMRS-APP-01,running,90,2026-09-24 08:59:00,http://simrs.internal:8080/health,8080,200
DATABASE,SIMRS-DB-01,running,14,2026-09-24 09:00:00,tcp://simrs-db.internal:5432,5432,0
DATABASE,SIMRS-DB-01,running,6,2026-09-24 09:00:00,tcp://simrs-db.internal:5432,5432,0
DNS,DNS-01,running,12,2026-09-24 09:00:00,dns://dns-01.internal:53,53,0
DNS,DNS-01,running,14,2026-09-24 09:00:00,dns://dns-01.internal:53,53,0
FILE SERVER,FILE-01,running,8,2026-09-24 09:00:00,smb://file.internal:445,445,0
FILE SERVER,FILE-01,running,6,2026-09-24 09:00:00,smb://file.internal:445,445,0
MONITORING,MONITOR-01,running,119,2026-09-24 09:00:00,http://monitor.internal:9090/-/healthy,9090,200
MONITORING,MONITOR-01,running,143,2026-09-24 09:00:00,http://monitor.internal:9090/-/healthy,9090,200
SIM-APOTEK,SIMRS-APP-01,running,117,2026-09-24 09:00:00,http://simrs.internal:8081/health,8081,200
SIM-APOTEK,SIMRS-APP-01,running,112,2026-09-24 09:00:00,http://simrs.internal:8081/health,8081,200
SIMRS,SIMRS-APP-01,running,113,2026-09-24 09:00:00,http://simrs.internal:8080/health,8080,200
SIMRS,SIMRS-APP-01,running,103,2026-09-24 09:00:00,http://simrs.internal:8080/health,8080,200
DATABASE,SIMRS-DB-01,running,4,2026-09-24 09:01:00,tcp://simrs-db.internal:5432,5432,0
DNS,DNS-01,running,7,2026-09-24 09:01:00,dns://dns-01.internal:53,53,0
FILE SERVER,FILE-01,running,12,2026-09-24 09:01:00,smb://file.internal:445,445,0
MONITORING,MONITOR-01,running,140,2026-09-24 09:01:00,http://monitor.internal:9090/-/healthy,9090,200
SIM-APOTEK,SIMRS-APP-01,running,106,2026-09-24 09:01:00,http://simrs.internal:8081/health,8081,200
SIMRS,SIMRS-APP-01,running,133,2026-09-24 09:01:00,http://simrs.internal:8080/health,8080,200
DATABASE,SIMRS-DB-01,running,13,2026-09-24 09:02:00,tcp://simrs-db.internal:5432,5432,0
DNS,DNS-01,running,12,2026-09-24 09:02:00,dns://dns-01.internal:53,53,0
FILE SERVER,FILE-01,running,10,2026-09-24 09:02:00,smb://file.internal:445,445,0
MONITORING,MONITOR-01,running,132,2026-09-24 09:02:00,http://monitor.internal:9090/-/healthy,9090,200
SIM-APOTEK,SIMRS-APP-01,running,114,2026-09-24 09:02:00,http://simrs.internal:8081/health,8081,200
SIMRS,SIMRS-APP-01,running,128,2026-09-24 09:02:00,http://simrs.internal:8080/health,8080,200
DATABASE,SIMRS-DB-01,running,9,2026-09-24 09:03:00,tcp://simrs-db.internal:5432,5432,0
DNS,DNS-01,running,10,2026-09-24 09:03:00,dns://dns-01.internal:53,53,0
FILE SERVER,FILE-01,running,6,2026-09-24 09:03:00,smb://file.internal:445,445,0
MONITORING,MONITOR-01,running,120,2026-09-24 09:03:00,http://monitor.internal:9090/-/healthy,9090,200
SIM-APOTEK,SIMRS-APP-01,running,96,2026-09-24 09:03:00,http://simrs.internal:8081/health,8081,200
SIMRS,SIMRS-APP-01,running,130,2026-09-24 09:03:00,http://simrs.internal:8080/health,8080,200
DATABASE,SIMRS-DB-01,running,14,2026-09-24 09:04:00,tcp://simrs-db.internal:5432,5432,0
DNS,DNS-01,running,6,2026-09-24 09:04:00,dns://dns-01.internal:53,53,0
FILE SERVER,FILE-01,running,13,2026-09-24 09:04:00,smb://file.internal:445,445,0
MONITORING,MONITOR-01,running,105,2026-09-24 09:04:00,http://monitor.internal:9090/-/healthy,9090,200
SIM-APOTEK,SIMRS-APP-01,running,133,2026-09-24 09:04:00,http://simrs.internal:8081/health,8081,200
SIMRS,SIMRS-APP-01,running,95,2026-09-24 09:04:00,http://simrs.internal:8080/health,8080,200
DATABASE,SIMRS-DB-01,running,4,2026-09-24 09:05:00,tcp://simrs-db.internal:5432,5432,0
DNS,DNS-01,running,6,2026-09-24 09:05:00,dns://dns-01.internal:53,53,0
FILE SERVER,FILE-01,running,13,2026-09-24 09:05:00,smb://file.internal:445,445,0
MONITORING,MONITOR-01,running,137,2026-09-24 09:05:00,http://monitor.internal:9090/-/healthy,9090,200
SIM-APOTEK,SIMRS-APP-01,running,92,2026-09-24 09:05:00,http://simrs.internal:8081/health,8081,200
SIMRS,SIMRS-APP-01,running,104,2026-09-24 09:05:00,http://simrs.internal:8080/health,8080,200
DATABASE,SIMRS-DB-01,running,9,2026-09-24 09:06:00,tcp://simrs-db.internal:5432,5432,0
DNS,DNS-01,running,14,2026-09-24 09:06:00,dns://dns-01.internal:53,53,0
FILE SERVER,FILE-01,running,8,2026-09-24 09:06:00,smb://file.internal:445,445,0
MONITORING,MONITOR-01,running,137,2026-09-24 09:06:00,http://monitor.internal:9090/-/healthy,9090,200
SIM-APOTEK,SIMRS-APP-01,running,103,2026-09-24 09:06:00,http://simrs.internal:8081/health,8081,200
SIMRS,SIMRS-APP-01,running,133,2026-09-24 09:06:00,http://simrs.internal:8080/health,8080,200
DATABASE,SIMRS-DB-01,running,8,2026-09-24 09:07:00,tcp://simrs-db.internal:5432,5432,0
DNS,DNS-01,running,7,2026-09-24 09:07:00,dns://dns-01.internal:53,53,0
FILE SERVER,FILE-01,running,7,2026-09-24 09:07:00,smb://file.internal:445,445,0
MONITORING,MONITOR-01,running,132,2026-09-24 09:07:00,http://monitor.internal:9090/-/healthy,9090,200
SIM-APOTEK,SIMRS-APP-01,running,121,2026-09-24 09:07:00,http://simrs.internal:8081/health,8081,200
SIMRS,SIMRS-APP-01,running,108,2026-09-24 09:07:00,http://simrs.internal:8080/health,8080,200
DATABASE,SIMRS-DB-01,running,13,2026-09-24 09:08:00,tcp://simrs-db.internal:5432,5432,0
DNS,DNS-01,running,5,2026-09-24 09:08:00,dns://dns-01.internal:53,53,0
FILE SERVER,FILE-01,running,7,2026-09-24 09:08:00,smb://file.internal:445,445,0
MONITORING,MONITOR-01,running,148,2026-09-24 09:08:00,http://monitor.internal:9090/-/healthy,9090,200
SIM-APOTEK,SIMRS-APP-01,running,129,2026-09-24 09:08:00,http://simrs.internal:8081/health,8081,200
SIMRS,SIMRS-APP-01,running,100,2026-09-24 09:08:00,http://simrs.internal:8080/health,8080,200
DATABASE,SIMRS-DB-01,running,13,2026-09-24 09:09:00,tcp://simrs-db.internal:5432,5432,0
DNS,DNS-01,running,5,2026-09-24 09:09:00,dns://dns-01.internal:53,53,0
FILE SERVER,FILE-01,running,14,2026-09-24 09:09:00,smb://file.internal:445,445,0
MONITORING,MONITOR-01,running,134,2026-09-24 09:09:00,http://monitor.internal:9090/-/healthy,9090,200
SIM-APOTEK,SIMRS-APP-01,running,95,2026-09-24 09:09:00,http://simrs.internal:8081/health,8081,200
SIMRS,SIMRS-APP-01,running,131,2026-09-24 09:09:00,http://simrs.internal:8080/health,8080,200
DATABASE,SIMRS-DB-01,running,4,2026-09-24 09:10:00,tcp://simrs-db.internal:5432,5432,0
DNS,DNS-01,running,4,2026-09-24 09:10:00,dns://dns-01.internal:53,53,0
FILE SERVER,FILE-01,running,6,2026-09-24 09:10:00,smb://file.internal:445,445,0
MONITORING,MONITOR-01,running,131,2026-09-24 09:10:00,http://monitor.internal:9090/-/healthy,9090,200
SIM-APOTEK,SIMRS-APP-01,running,147,2026-09-24 09:10:00,http://simrs.internal:8081/health,8081,200
SIMRS,SIMRS-APP-01,running,142,2026-09-24 09:10:00,http://simrs.internal:8080/health,8080,200
DATABASE,SIMRS-DB-01,running,4,2026-09-24 09:11:00,tcp://simrs-db.internal:5432,5432,0
DNS,DNS-01,running,4,2026-09-24 09:11:00,dns://dns-01.internal:53,53,0
FILE SERVER,FILE-01,running,14,2026-09-24 09:11:00,smb://file.internal:445,445,0
MONITORING,MONITOR-01,running,147,2026-09-24 09:11:00,http://monitor.internal:9090/-/healthy,9090,200
SIM-APOTEK,SIMRS-APP-01,running,93,2026-09-24 09:11:00,http://simrs.internal:8081/health,8081,200
SIMRS,SIMRS-APP-01,running,108,2026-09-24 09:11:00,http://simrs.internal:8080/health,8080,200
DATABASE,SIMRS-DB-01,running,11,2026-09-24 09:12:00,tcp://simrs-db.internal:5432,5432,0
DNS,DNS-01,running,13,2026-09-24 09:12:00,dns://dns-01.internal:53,53,0
FILE SERVER,FILE-01,running,3,2026-09-24 09:12:00,smb://file.internal:445,445,0
MONITORING,MONITOR-01,running,136,2026-09-24 09:12:00,http://monitor.internal:9090/-/healthy,9090,200
SIM-APOTEK,SIMRS-APP-01,running,92,2026-09-24 09:12:00,http://simrs.internal:8081/health,8081,200
SIMRS,SIMRS-APP-01,running,105,2026-09-24 09:12:00,http://simrs.internal:8080/health,8080,200
DATABASE,SIMRS-DB-01,running,12,2026-09-24 09:13:00,tcp://simrs-db.internal:5432,5432,0
DNS,DNS-01,running,10,2026-09-24 09:13:00,dns://dns-01.internal:53,53,0
FILE SERVER,FILE-01,running,3,2026-09-24 09:13:00,smb://file.internal:445,445,0
MONITORING,MONITOR-01,running,147,2026-09-24 09:13:00,http://monitor.internal:9090/-/healthy,9090,200
SIM-APOTEK,SIMRS-APP-01,running,106,2026-09-24 09:13:00,http://simrs.internal:8081/health,8081,200
SIMRS,SIMRS-APP-01,running,135,2026-09-24 09:13:00,http://simrs.internal:8080/health,8080,200
DATABASE,SIMRS-DB-01,running,6,2026-09-24 09:14:00,tcp://simrs-db.internal:5432,5432,0
DNS,DNS-01,running,3,2026-09-24 09:14:00,dns://dns-01.internal:53,53,0
FILE SERVER,FILE-01,running,6,2026-09-24 09:14:00,smb://file.internal:445,445,0
MONITORING,MONITOR-01,running,122,2026-09-24 09:14:00,http://monitor.internal:9090/-/healthy,9090,200
SIM-APOTEK,SIMRS-APP-01,running,100,2026-09-24 09:14:00,http://simrs.internal:8081/health,8081,200
SIMRS,SIMRS-APP-01,running,129,2026-09-24 09:14:00,http://simrs.internal:8080/health,8080,200
DATABASE,SIMRS-DB-01,running,7,2026-09-24 09:15:00,tcp://simrs-db.internal:5432,5432,0
DNS,DNS-01,running,7,2026-09-24 09:15:00,dns://dns-01.internal:53,53,0
FILE SERVER,FILE-01,running,9,2026-09-24 09:15:00,smb://file.internal:445,445,0
MONITORING,MONITOR-01,running,105,2026-09-24 09:15:00,http://monitor.internal:9090/-/healthy,9090,200
SIM-APOTEK,SIMRS-APP-01,running,97,2026-09-24 09:15:00,http://simrs.internal:8081/health,8081,200
SIMRS,SIMRS-APP-01,running,134,2026-09-24 09:15:00,http://simrs.internal:8080/health,8080,200
DATABASE,SIMRS-DB-01,running,14,2026-09-24 09:16:00,tcp://simrs-db.internal:5432,5432,0
DNS,DNS-01,running,10,2026-09-24 09:16:00,dns://dns-01.internal:53,53,0
FILE SERVER,FILE-01,running,5,2026-09-24 09:16:00,smb://file.internal:445,445,0
MONITORING,MONITOR-01,running,135,2026-09-24 09:16:00,http://monitor.internal:9090/-/healthy,9090,200
SIM-APOTEK,SIMRS-APP-01,running,136,2026-09-24 09:16:00,http://simrs.internal:8081/health,8081,200
SIMRS,SIMRS-APP-01,running,127,2026-09-24 09:16:00,http://simrs.internal:8080/health,8080,200
DATABASE,SIMRS-DB-01,running,13,2026-09-24 09:17:00,tcp://simrs-db.internal:5432,5432,0
DNS,DNS-01,running,13,2026-09-24 09:17:00,dns://dns-01.internal:53,53,0
FILE SERVER,FILE-01,running,6,2026-09-24 09:17:00,smb://file.internal:445,445,0
MONITORING,MONITOR-01,running,148,2026-09-24 09:17:00,http://monitor.internal:9090/-/healthy,9090,200
SIM-APOTEK,SIMRS-APP-01,running,104,2026-09-24 09:17:00,http://simrs.internal:8081/health,8081,200
SIMRS,SIMRS-APP-01,running,133,2026-09-24 09:17:00,http://simrs.internal:8080/health,8080,200
DATABASE,SIMRS-DB-01,running,11,2026-09-24 09:18:00,tcp://simrs-db.internal:5432,5432,0
DNS,DNS-01,running,13,2026-09-24 09:18:00,dns://dns-01.internal:53,53,0
FILE SERVER,FILE-01,running,12,2026-09-24 09:18:00,smb://file.internal:445,445,0
MONITORING,MONITOR-01,running,96,2026-09-24 09:18:00,http://monitor.internal:9090/-/healthy,9090,200
SIM-APOTEK,SIMRS-APP-01,running,133,2026-09-24 09:18:00,http://simrs.internal:8081/health,8081,200
SIMRS,SIMRS-APP-01,running,125,2026-09-24 09:18:00,http://simrs.internal:8080/health,8080,200
DATABASE,SIMRS-DB-01,running,12,2026-09-24 09:19:00,tcp://simrs-db.internal:5432,5432,0
DNS,DNS-01,running,12,2026-09-24 09:19:00,dns://dns-01.internal:53,53,0
FILE SERVER,FILE-01,running,12,2026-09-24 09:19:00,smb://file.internal:445,445,0
MONITORING,MONITOR-01,running,102,2026-09-24 09:19:00,http://monitor.internal:9090/-/healthy,9090,200
SIM-APOTEK,SIMRS-APP-01,running,143,2026-09-24 09:19:00,http://simrs.internal:8081/health,8081,200
SIMRS,SIMRS-APP-01,running,94,2026-09-24 09:19:00,http://simrs.internal:8080/health,8080,200
DATABASE,SIMRS-DB-01,running,5,2026-09-24 09:20:00,tcp://simrs-db.internal:5432,5432,0
DNS,DNS-01,running,14,2026-09-24 09:20:00,dns://dns-01.internal:53,53,0
FILE SERVER,FILE-01,running,5,2026-09-24 09:20:00,smb://file.internal:445,445,0
MONITORING,MONITOR-01,running,116,2026-09-24 09:20:00,http://monitor.internal:9090/-/healthy,9090,200
SIM-APOTEK,SIMRS-APP-01,running,108,2026-09-24 09:20:00,http://simrs.internal:8081/health,8081,200
SIMRS,SIMRS-APP-01,running,111,2026-09-24 09:20:00,http://simrs.internal:8080/health,8080,200
DATABASE,SIMRS-DB-01,running,3,2026-09-24 09:21:00,tcp://simrs-db.internal:5432,5432,0
DNS,DNS-01,running,12,2026-09-24 09:21:00,dns://dns-01.internal:53,53,0
FILE SERVER,FILE-01,running,10,2026-09-24 09:21:00,smb://file.internal:445,445,0
MONITORING,MONITOR-01,running,113,2026-09-24 09:21:00,http://monitor.internal:9090/-/healthy,9090,200
SIM-APOTEK,SIMRS-APP-01,running,119,2026-09-24 09:21:00,http://simrs.internal:8081/health,8081,200
SIMRS,SIMRS-APP-01,running,149,2026-09-24 09:21:00,http://simrs.internal:8080/health,8080,200
DATABASE,SIMRS-DB-01,running,6,2026-09-24 09:22:00,tcp://simrs-db.internal:5432,5432,0
DNS,DNS-01,running,6,2026-09-24 09:22:00,dns://dns-01.internal:53,53,0
FILE SERVER,FILE-01,running,14,2026-09-24 09:22:00,smb://file.internal:445,445,0
MONITORING,MONITOR-01,running,106,2026-09-24 09:22:00,http://monitor.internal:9090/-/healthy,9090,200
SIM-APOTEK,SIMRS-APP-01,running,113,2026-09-24 09:22:00,http://simrs.internal:8081/health,8081,200
SIMRS,SIMRS-APP-01,running,142,2026-09-24 09:22:00,http://simrs.internal:8080/health,8080,200
DATABASE,SIMRS-DB-01,running,12,2026-09-24 09:23:00,tcp://simrs-db.internal:5432,5432,0
DNS,DNS-01,running,10,2026-09-24 09:23:00,dns://dns-01.internal:53,53,0
FILE SERVER,FILE-01,running,8,2026-09-24 09:23:00,smb://file.internal:445,445,0
MONITORING,MONITOR-01,running,132,2026-09-24 09:23:00,http://monitor.internal:9090/-/healthy,9090,200
SIM-APOTEK,SIMRS-APP-01,running,149,2026-09-24 09:23:00,http://simrs.internal:8081/health,8081,200
SIMRS,SIMRS-APP-01,running,127,2026-09-24 09:23:00,http://simrs.internal:8080/health,8080,200
DATABASE,SIMRS-DB-01,running,13,2026-09-24 09:24:00,tcp://simrs-db.internal:5432,5432,0
DNS,DNS-01,running,13,2026-09-24 09:24:00,dns://dns-01.internal:53,53,0
FILE SERVER,FILE-01,running,13,2026-09-24 09:24:00,smb://file.internal:445,445,0
MONITORING,MONITOR-01,running,94,2026-09-24 09:24:00,http://monitor.internal:9090/-/healthy,9090,200
SIM-APOTEK,SIMRS-APP-01,running,96,2026-09-24 09:24:00,http://simrs.internal:8081/health,8081,200
SIMRS,SIMRS-APP-01,running,98,2026-09-24 09:24:00,http://simrs.internal:8080/health,8080,200
DATABASE,SIMRS-DB-01,running,12,2026-09-24 09:25:00,tcp://simrs-db.internal:5432,5432,0
DNS,DNS-01,running,4,2026-09-24 09:25:00,dns://dns-01.internal:53,53,0
FILE SERVER,FILE-01,running,9,2026-09-24 09:25:00,smb://file.internal:445,445,0
MONITORING,MONITOR-01,running,108,2026-09-24 09:25:00,http://monitor.internal:9090/-/healthy,9090,200
SIM-APOTEK,SIMRS-APP-01,running,104,2026-09-24 09:25:00,http://simrs.internal:8081/health,8081,200
SIMRS,SIMRS-APP-01,running,97,2026-09-24 09:25:00,http://simrs.internal:8080/health,8080,200
DATABASE,SIMRS-DB-01,running,6,2026-09-24 09:26:00,tcp://simrs-db.internal:5432,5432,0
DNS,DNS-01,running,11,2026-09-24 09:26:00,dns://dns-01.internal:53,53,0
FILE SERVER,FILE-01,running,10,2026-09-24 09:26:00,smb://file.internal:445,445,0
MONITORING,MONITOR-01,running,103,2026-09-24 09:26:00,http://monitor.internal:9090/-/healthy,9090,200
SIM-APOTEK,SIMRS-APP-01,running,138,2026-09-24 09:26:00,http://simrs.internal:8081/health,8081,200
SIMRS,SIMRS-APP-01,running,101,2026-09-24 09:26:00,http://simrs.internal:8080/health,8080,200
DATABASE,SIMRS-DB-01,running,8,2026-09-24 09:27:00,tcp://simrs-db.internal:5432,5432,0
DNS,DNS-01,running,10,2026-09-24 09:27:00,dns://dns-01.internal:53,53,0
FILE SERVER,FILE-01,running,13,2026-09-24 09:27:00,smb://file.internal:445,445,0
MONITORING,MONITOR-01,running,116,2026-09-24 09:27:00,http://monitor.internal:9090/-/healthy,9090,200
SIM-APOTEK,SIMRS-APP-01,running,108,2026-09-24 09:27:00,http://simrs.internal:8081/health,8081,200
SIMRS,SIMRS-APP-01,running,141,2026-09-24 09:27:00,http://simrs.internal:8080/health,8080,200
DATABASE,SIMRS-DB-01,running,4,2026-09-24 09:28:00,tcp://simrs-db.internal:5432,5432,0
DNS,DNS-01,running,3,2026-09-24 09:28:00,dns://dns-01.internal:53,53,0
FILE SERVER,FILE-01,running,4,2026-09-24 09:28:00,smb://file.internal:445,445,0
MONITORING,MONITOR-01,running,122,2026-09-24 09:28:00,http://monitor.internal:9090/-/healthy,9090,200
SIM-APOTEK,SIMRS-APP-01,running,144,2026-09-24 09:28:00,http://simrs.internal:8081/health,8081,200
SIMRS,SIMRS-APP-01,running,142,2026-09-24 09:28:00,http://simrs.internal:8080/health,8080,200
DATABASE,SIMRS-DB-01,running,3,2026-09-24 09:29:00,tcp://simrs-db.internal:5432,5432,0
DNS,DNS-01,running,9,2026-09-24 09:29:00,dns://dns-01.internal:53,53,0
FILE SERVER,FILE-01,running,9,2026-09-24 09:29:00,smb://file.internal:445,445,0
MONITORING,MONITOR-01,running,128,2026-09-24 09:29:00,http://monitor.internal:9090/-/healthy,9090,200
SIM-APOTEK,SIMRS-APP-01,running,134,2026-09-24 09:29:00,http://simrs.internal:8081/health,8081,200
SIMRS,SIMRS-APP-01,running,95,2026-09-24 09:29:00,http://simrs.internal:8080/health,8080,200
DATABASE,SIMRS-DB-01,running,14,2026-09-24 09:30:00,tcp://simrs-db.internal:5432,5432,0
DNS,DNS-01,running,12,2026-09-24 09:30:00,dns://dns-01.internal:53,53,0
FILE SERVER,FILE-01,running,7,2026-09-24 09:30:00,smb://file.internal:445,445,0
MONITORING,MONITOR-01,running,111,2026-09-24 09:30:00,http://monitor.internal:9090/-/healthy,9090,200
SIM-APOTEK,SIMRS-APP-01,running,145,2026-09-24 09:30:00,http://simrs.internal:8081/health,8081,200
SIMRS,SIMRS-APP-01,running,122,2026-09-24 09:30:00,http://simrs.internal:8080/health,8080,200
DATABASE,SIMRS-DB-01,running,14,2026-09-24 09:31:00,tcp://simrs-db.internal:5432,5432,0
DNS,DNS-01,running,5,2026-09-24 09:31:00,dns://dns-01.internal:53,53,0
FILE SERVER,FILE-01,running,14,2026-09-24 09:31:00,smb://file.internal:445,445,0
MONITORING,MONITOR-01,running,91,2026-09-24 09:31:00,http://monitor.internal:9090/-/healthy,9090,200
SIM-APOTEK,SIMRS-APP-01,running,141,2026-09-24 09:31:00,http://simrs.internal:8081/health,8081,200
SIMRS,SIMRS-APP-01,running,139,2026-09-24 09:31:00,http://simrs.internal:8080/health,8080,200
DATABASE,SIMRS-DB-01,running,4,2026-09-24 09:32:00,tcp://simrs-db.internal:5432,5432,0
DNS,DNS-01,running,10,2026-09-24 09:32:00,dns://dns-01.internal:53,53,0
FILE SERVER,FILE-01,running,12,2026-09-24 09:32:00,smb://file.internal:445,445,0
MONITORING,MONITOR-01,running,104,2026-09-24 09:32:00,http://monitor.internal:9090/-/healthy,9090,200
SIM-APOTEK,SIMRS-APP-01,running,114,2026-09-24 09:32:00,http://simrs.internal:8081/health,8081,200
SIMRS,SIMRS-APP-01,running,123,2026-09-24 09:32:00,http://simrs.internal:8080/health,8080,200
DATABASE,SIMRS-DB-01,running,7,2026-09-24 09:33:00,tcp://simrs-db.internal:5432,5432,0
DNS,DNS-01,running,9,2026-09-24 09:33:00,dns://dns-01.internal:53,53,0
FILE SERVER,FILE-01,running,11,2026-09-24 09:33:00,smb://file.internal:445,445,0
MONITORING,MONITOR-01,running,115,2026-09-24 09:33:00,http://monitor.internal:9090/-/healthy,9090,200
SIM-APOTEK,SIMRS-APP-01,running,144,2026-09-24 09:33:00,http://simrs.internal:8081/health,8081,200
SIMRS,SIMRS-APP-01,running,106,2026-09-24 09:33:00,http://simrs.internal:8080/health,8080,200
DATABASE,SIMRS-DB-01,running,4,2026-09-24 09:34:00,tcp://simrs-db.internal:5432,5432,0
DNS,DNS-01,running,14,2026-09-24 09:34:00,dns://dns-01.internal:53,53,0
FILE SERVER,FILE-01,running,4,2026-09-24 09:34:00,smb://file.internal:445,445,0
MONITORING,MONITOR-01,running,108,2026-09-24 09:34:00,http://monitor.internal:9090/-/healthy,9090,200
SIM-APOTEK,SIMRS-APP-01,running,139,2026-09-24 09:34:00,http://simrs.internal:8081/health,8081,200
SIMRS,SIMRS-APP-01,running,130,2026-09-24 09:34:00,http://simrs.internal:8080/health,8080,200
DATABASE,SIMRS-DB-01,running,13,2026-09-24 09:35:00,tcp://simrs-db.internal:5432,5432,0
DNS,DNS-01,running,11,2026-09-24 09:35:00,dns://dns-01.internal:53,53,0
FILE SERVER,FILE-01,running,7,2026-09-24 09:35:00,smb://file.internal:445,445,0
MONITORING,MONITOR-01,running,110,2026-09-24 09:35:00,http://monitor.internal:9090/-/healthy,9090,200
SIM-APOTEK,SIMRS-APP-01,running,136,2026-09-24 09:35:00,http://simrs.internal:8081/health,8081,200
SIMRS,SIMRS-APP-01,running,142,2026-09-24 09:35:00,http://simrs.internal:8080/health,8080,200
DATABASE,SIMRS-DB-01,running,3,2026-09-24 10:00:00,tcp://simrs-db.internal:5432,5432,0
DNS,DNS-01,running,10,2026-09-24 10:00:00,dns://dns-01.internal:53,53,0
FILE SERVER,FILE-01,running,4,2026-09-24 10:00:00,smb://file.internal:445,445,0
MONITORING,MONITOR-01,running,106,2026-09-24 10:00:00,http://monitor.internal:9090/-/healthy,9090,200
SIM-APOTEK,SIMRS-APP-01,running,144,2026-09-24 10:00:00,http://simrs.internal:8081/health,8081,200
SIMRS,SIMRS-APP-01,running,104,2026-09-24 10:00:00,http://simrs.internal:8080/health,8080,200
DATABASE,SIMRS-DB-01,running,10,2026-09-24 11:00:00,tcp://simrs-db.internal:5432,5432,0
DNS,DNS-01,running,5,2026-09-24 11:00:00,dns://dns-01.internal:53,53,0
FILE SERVER,FILE-01,running,4,2026-09-24 11:00:00,smb://file.internal:445,445,0
MONITORING,MONITOR-01,running,115,2026-09-24 11:00:00,http://monitor.internal:9090/-/healthy,9090,200
SIM-APOTEK,SIMRS-APP-01,running,90,2026-09-24 11:00:00,http://simrs.internal:8081/health,8081,200
SIMRS,SIMRS-APP-01,running,115,2026-09-24 11:00:00,http://simrs.internal:8080/health,8080,200
DATABASE,SIMRS-DB-01,running,14,2026-09-24 12:00:00,tcp://simrs-db.internal:5432,5432,0
DNS,DNS-01,running,11,2026-09-24 12:00:00,dns://dns-01.internal:53,53,0
FILE SERVER,FILE-01,running,9,2026-09-24 12:00:00,smb://file.internal:445,445,0
MONITORING,MONITOR-01,running,140,2026-09-24 12:00:00,http://monitor.internal:9090/-/healthy,9090,200
SIM-APOTEK,SIMRS-APP-01,running,103,2026-09-24 12:00:00,http://simrs.internal:8081/health,8081,200
SIMRS,SIMRS-APP-01,running,141,2026-09-24 12:00:00,http://simrs.internal:8080/health,8080,200
DATABASE,SIMRS-DB-01,running,6,2026-09-24 13:00:00,tcp://simrs-db.internal:5432,5432,0
DNS,DNS-01,running,6,2026-09-24 13:00:00,dns://dns-01.internal:53,53,0
FILE SERVER,FILE-01,running,3,2026-09-24 13:00:00,smb://file.internal:445,445,0
MONITORING,MONITOR-01,running,113,2026-09-24 13:00:00,http://monitor.internal:9090/-/healthy,9090,200
SIM-APOTEK,SIMRS-APP-01,running,106,2026-09-24 13:00:00,http://simrs.internal:8081/health,8081,200
SIMRS,SIMRS-APP-01,running,104,2026-09-24 13:00:00,http://simrs.internal:8080/health,8080,200
DATABASE,SIMRS-DB-01,running,14,2026-09-24 14:00:00,tcp://simrs-db.internal:5432,5432,0
DNS,DNS-01,running,14,2026-09-24 14:00:00,dns://dns-01.internal:53,53,0
FILE SERVER,FILE-01,running,3,2026-09-24 14:00:00,smb://file.internal:445,445,0
MONITORING,MONITOR-01,running,125,2026-09-24 14:00:00,http://monitor.internal:9090/-/healthy,9090,200
SIM-APOTEK,SIMRS-APP-01,running,110,2026-09-24 14:00:00,http://simrs.internal:8081/health,8081,200
SIMRS,SIMRS-APP-01,running,130,2026-09-24 14:00:00,http://simrs.internal:8080/health,8080,200
DATABASE,SIMRS-DB-01,running,12,2026-09-24 15:00:00,tcp://simrs-db.internal:5432,5432,0
DNS,DNS-01,running,7,2026-09-24 15:00:00,dns://dns-01.internal:53,53,0
FILE SERVER,FILE-01,running,9,2026-09-24 15:00:00,smb://file.internal:445,445,0
MONITORING,MONITOR-01,running,117,2026-09-24 15:00:00,http://monitor.internal:9090/-/healthy,9090,200
SIM-APOTEK,SIMRS-APP-01,running,136,2026-09-24 15:00:00,http://simrs.internal:8081/health,8081,200
SIMRS,SIMRS-APP-01,running,119,2026-09-24 15:00:00,http://simrs.internal:8080/health,8080,200
DATABASE,SIMRS-DB-01,running,4,2026-09-24 16:00:00,tcp://simrs-db.internal:5432,5432,0
DNS,DNS-01,running,5,2026-09-24 16:00:00,dns://dns-01.internal:53,53,0
FILE SERVER,FILE-01,running,8,2026-09-24 16:00:00,smb://file.internal:445,445,0
MONITORING,MONITOR-01,running,121,2026-09-24 16:00:00,http://monitor.internal:9090/-/healthy,9090,200
SIM-APOTEK,SIMRS-APP-01,running,118,2026-09-24 16:00:00,http://simrs.internal:8081/health,8081,200
SIMRS,SIMRS-APP-01,running,112,2026-09-24 16:00:00,http://simrs.internal:8080/health,8080,200
DATABASE,SIMRS-DB-01,running,13,2026-09-24 17:00:00,tcp://simrs-db.internal:5432,5432,0
DNS,DNS-01,running,7,2026-09-24 17:00:00,dns://dns-01.internal:53,53,0
FILE SERVER,FILE-01,running,11,2026-09-24 17:00:00,smb://file.internal:445,445,0
MONITORING,MONITOR-01,running,146,2026-09-24 17:00:00,http://monitor.internal:9090/-/healthy,9090,200
SIM-APOTEK,SIMRS-APP-01,running,123,2026-09-24 17:00:00,http://simrs.internal:8081/health,8081,200
SIMRS,SIMRS-APP-01,running,99,2026-09-24 17:00:00,http://simrs.internal:8080/health,8080,200
DATABASE,SIMRS-DB-01,running,11,2026-09-24 18:00:00,tcp://simrs-db.internal:5432,5432,0
DNS,DNS-01,running,10,2026-09-24 18:00:00,dns://dns-01.internal:53,53,0
FILE SERVER,FILE-01,running,4,2026-09-24 18:00:00,smb://file.internal:445,445,0
MONITORING,MONITOR-01,running,90,2026-09-24 18:00:00,http://monitor.internal:9090/-/healthy,9090,200
SIM-APOTEK,SIMRS-APP-01,running,127,2026-09-24 18:00:00,http://simrs.internal:8081/health,8081,200
SIMRS,SIMRS-APP-01,running,135,2026-09-24 18:00:00,http://simrs.internal:8080/health,8080,200
DATABASE,SIMRS-DB-01,running,4,2026-09-24 19:00:00,tcp://simrs-db.internal:5432,5432,0
DNS,DNS-01,running,12,2026-09-24 19:00:00,dns://dns-01.internal:53,53,0
FILE SERVER,FILE-01,running,13,2026-09-24 19:00:00,smb://file.internal:445,445,0
MONITORING,MONITOR-01,running,98,2026-09-24 19:00:00,http://monitor.internal:9090/-/healthy,9090,200
SIM-APOTEK,SIMRS-APP-01,running,120,2026-09-24 19:00:00,http://simrs.internal:8081/health,8081,200
SIMRS,SIMRS-APP-01,running,104,2026-09-24 19:00:00,http://simrs.internal:8080/health,8080,200
DATABASE,SIMRS-DB-01,running,4,2026-09-24 20:00:00,tcp://simrs-db.internal:5432,5432,0
DNS,DNS-01,running,10,2026-09-24 20:00:00,dns://dns-01.internal:53,53,0
FILE SERVER,FILE-01,running,7,2026-09-24 20:00:00,smb://file.internal:445,445,0
MONITORING,MONITOR-01,running,137,2026-09-24 20:00:00,http://monitor.internal:9090/-/healthy,9090,200
SIM-APOTEK,SIMRS-APP-01,running,146,2026-09-24 20:00:00,http://simrs.internal:8081/health,8081,200
SIMRS,SIMRS-APP-01,running,92,2026-09-24 20:00:00,http://simrs.internal:8080/health,8080,200
DATABASE,SIMRS-DB-01,running,10,2026-09-24 21:00:00,tcp://simrs-db.internal:5432,5432,0
DNS,DNS-01,running,4,2026-09-24 21:00:00,dns://dns-01.internal:53,53,0
FILE SERVER,FILE-01,running,7,2026-09-24 21:00:00,smb://file.internal:445,445,0
MONITORING,MONITOR-01,running,125,2026-09-24 21:00:00,http://monitor.internal:9090/-/healthy,9090,200
SIM-APOTEK,SIMRS-APP-01,running,106,2026-09-24 21:00:00,http://simrs.internal:8081/health,8081,200
SIMRS,SIMRS-APP-01,running,118,2026-09-24 21:00:00,http://simrs.internal:8080/health,8080,200
DATABASE,SIMRS-DB-01,running,8,2026-09-24 22:00:00,tcp://simrs-db.internal:5432,5432,0
DNS,DNS-01,running,6,2026-09-24 22:00:00,dns://dns-01.internal:53,53,0
FILE SERVER,FILE-01,running,8,2026-09-24 22:00:00,smb://file.internal:445,445,0
MONITORING,MONITOR-01,running,113,2026-09-24 22:00:00,http://monitor.internal:9090/-/healthy,9090,200
SIM-APOTEK,SIMRS-APP-01,running,118,2026-09-24 22:00:00,http://simrs.internal:8081/health,8081,200
SIMRS,SIMRS-APP-01,running,108,2026-09-24 22:00:00,http://simrs.internal:8080/health,8080,200
DATABASE,SIMRS-DB-01,running,8,2026-09-24 23:00:00,tcp://simrs-db.internal:5432,5432,0
DNS,DNS-01,running,3,2026-09-24 23:00:00,dns://dns-01.internal:53,53,0
FILE SERVER,FILE-01,running,9,2026-09-24 23:00:00,smb://file.internal:445,445,0
MONITORING,MONITOR-01,running,141,2026-09-24 23:00:00,http://monitor.internal:9090/-/healthy,9090,200
SIM-APOTEK,SIMRS-APP-01,running,139,2026-09-24 23:00:00,http://simrs.internal:8081/health,8081,200
SIMRS,SIMRS-APP-01,running,117,2026-09-24 23:00:00,http://simrs.internal:8080/health,8080,200
DATABASE,SIMRS-DB-01,running,7,2026-09-25 00:00:00,tcp://simrs-db.internal:5432,5432,0
DNS,DNS-01,running,12,2026-09-25 00:00:00,dns://dns-01.internal:53,53,0
FILE SERVER,FILE-01,running,9,2026-09-25 00:00:00,smb://file.internal:445,445,0
MONITORING,MONITOR-01,running,142,2026-09-25 00:00:00,http://monitor.internal:9090/-/healthy,9090,200
SIM-APOTEK,SIMRS-APP-01,running,126,2026-09-25 00:00:00,http://simrs.internal:8081/health,8081,200
SIMRS,SIMRS-APP-01,running,101,2026-09-25 00:00:00,http://simrs.internal:8080/health,8080,200
DATABASE,SIMRS-DB-01,running,12,2026-09-25 01:00:00,tcp://simrs-db.internal:5432,5432,0
DNS,DNS-01,running,5,2026-09-25 01:00:00,dns://dns-01.internal:53,53,0
FILE SERVER,FILE-01,running,4,2026-09-25 01:00:00,smb://file.internal:445,445,0
MONITORING,MONITOR-01,running,110,2026-09-25 01:00:00,http://monitor.internal:9090/-/healthy,9090,200
SIM-APOTEK,SIMRS-APP-01,running,120,2026-09-25 01:00:00,http://simrs.internal:8081/health,8081,200
SIMRS,SIMRS-APP-01,running,122,2026-09-25 01:00:00,http://simrs.internal:8080/health,8080,200
DATABASE,SIMRS-DB-01,running,14,2026-09-25 02:00:00,tcp://simrs-db.internal:5432,5432,0
DNS,DNS-01,running,13,2026-09-25 02:00:00,dns://dns-01.internal:53,53,0
FILE SERVER,FILE-01,running,12,2026-09-25 02:00:00,smb://file.internal:445,445,0
MONITORING,MONITOR-01,running,98,2026-09-25 02:00:00,http://monitor.internal:9090/-/healthy,9090,200
SIM-APOTEK,SIMRS-APP-01,running,142,2026-09-25 02:00:00,http://simrs.internal:8081/health,8081,200
SIMRS,SIMRS-APP-01,running,134,2026-09-25 02:00:00,http://simrs.internal:8080/health,8080,200
DATABASE,SIMRS-DB-01,running,10,2026-09-25 03:00:00,tcp://simrs-db.internal:5432,5432,0
DNS,DNS-01,running,12,2026-09-25 03:00:00,dns://dns-01.internal:53,53,0
FILE SERVER,FILE-01,running,14,2026-09-25 03:00:00,smb://file.internal:445,445,0
MONITORING,MONITOR-01,running,141,2026-09-25 03:00:00,http://monitor.internal:9090/-/healthy,9090,200
SIM-APOTEK,SIMRS-APP-01,running,130,2026-09-25 03:00:00,http://simrs.internal:8081/health,8081,200
SIMRS,SIMRS-APP-01,running,107,2026-09-25 03:00:00,http://simrs.internal:8080/health,8080,200
DATABASE,SIMRS-DB-01,running,12,2026-09-25 04:00:00,tcp://simrs-db.internal:5432,5432,0
DNS,DNS-01,running,13,2026-09-25 04:00:00,dns://dns-01.internal:53,53,0
FILE SERVER,FILE-01,running,5,2026-09-25 04:00:00,smb://file.internal:445,445,0
MONITORING,MONITOR-01,running,145,2026-09-25 04:00:00,http://monitor.internal:9090/-/healthy,9090,200
SIM-APOTEK,SIMRS-APP-01,running,144,2026-09-25 04:00:00,http://simrs.internal:8081/health,8081,200
SIMRS,SIMRS-APP-01,running,95,2026-09-25 04:00:00,http://simrs.internal:8080/health,8080,200
DATABASE,SIMRS-DB-01,running,10,2026-09-25 05:00:00,tcp://simrs-db.internal:5432,5432,0
DNS,DNS-01,running,8,2026-09-25 05:00:00,dns://dns-01.internal:53,53,0
FILE SERVER,FILE-01,running,8,2026-09-25 05:00:00,smb://file.internal:445,445,0
MONITORING,MONITOR-01,running,91,2026-09-25 05:00:00,http://monitor.internal:9090/-/healthy,9090,200
SIM-APOTEK,SIMRS-APP-01,running,99,2026-09-25 05:00:00,http://simrs.internal:8081/health,8081,200
SIMRS,SIMRS-APP-01,running,126,2026-09-25 05:00:00,http://simrs.internal:8080/health,8080,200
DATABASE,SIMRS-DB-01,running,13,2026-09-25 06:00:00,tcp://simrs-db.internal:5432,5432,0
DNS,DNS-01,running,9,2026-09-25 06:00:00,dns://dns-01.internal:53,53,0
FILE SERVER,FILE-01,running,9,2026-09-25 06:00:00,smb://file.internal:445,445,0
MONITORING,MONITOR-01,running,147,2026-09-25 06:00:00,http://monitor.internal:9090/-/healthy,9090,200
SIM-APOTEK,SIMRS-APP-01,running,148,2026-09-25 06:00:00,http://simrs.internal:8081/health,8081,200
SIMRS,SIMRS-APP-01,running,104,2026-09-25 06:00:00,http://simrs.internal:8080/health,8080,200
DATABASE,SIMRS-DB-01,running,10,2026-09-25 07:00:00,tcp://simrs-db.internal:5432,5432,0
DNS,DNS-01,running,13,2026-09-25 07:00:00,dns://dns-01.internal:53,53,0
FILE SERVER,FILE-01,running,13,2026-09-25 07:00:00,smb://file.internal:445,445,0
MONITORING,MONITOR-01,running,121,2026-09-25 07:00:00,http://monitor.internal:9090/-/healthy,9090,200
SIM-APOTEK,SIMRS-APP-01,running,140,2026-09-25 07:00:00,http://simrs.internal:8081/health,8081,200
SIMRS,SIMRS-APP-01,running,142,2026-09-25 07:00:00,http://simrs.internal:8080/health,8080,200
DATABASE,SIMRS-DB-01,running,12,2026-09-25 08:00:00,tcp://simrs-db.internal:5432,5432,0
DNS,DNS-01,running,12,2026-09-25 08:00:00,dns://dns-01.internal:53,53,0
FILE SERVER,FILE-01,running,8,2026-09-25 08:00:00,smb://file.internal:445,445,0
MONITORING,MONITOR-01,running,125,2026-09-25 08:00:00,http://monitor.internal:9090/-/healthy,9090,200
SIM-APOTEK,SIMRS-APP-01,running,137,2026-09-25 08:00:00,http://simrs.internal:8081/health,8081,200
SIMRS,SIMRS-APP-01,running,123,2026-09-25 08:00:00,http://simrs.internal:8080/health,8080,200
DATABASE,SIMRS-DB-01,running,12,2026-09-25 09:00:00,tcp://simrs-db.internal:5432,5432,0
DNS,DNS-01,running,6,2026-09-25 09:00:00,dns://dns-01.internal:53,53,0
FILE SERVER,FILE-01,running,8,2026-09-25 09:00:00,smb://file.internal:445,445,0
MONITORING,MONITOR-01,running,127,2026-09-25 09:00:00,http://monitor.internal:9090/-/healthy,9090,200
SIM-APOTEK,SIMRS-APP-01,running,98,2026-09-25 09:00:00,http://simrs.internal:8081/health,8081,200
SIMRS,SIMRS-APP-01,running,120,2026-09-25 09:00:00,http://simrs.internal:8080/health,8080,200
DATABASE,SIMRS-DB-01,running,5,2026-09-25 10:00:00,tcp://simrs-db.internal:5432,5432,0
DNS,DNS-01,running,5,2026-09-25 10:00:00,dns://dns-01.internal:53,53,0
FILE SERVER,FILE-01,running,10,2026-09-25 10:00:00,smb://file.internal:445,445,0
MONITORING,MONITOR-01,running,97,2026-09-25 10:00:00,http://monitor.internal:9090/-/healthy,9090,200
SIM-APOTEK,SIMRS-APP-01,running,110,2026-09-25 10:00:00,http://simrs.internal:8081/health,8081,200
SIMRS,SIMRS-APP-01,running,130,2026-09-25 10:00:00,http://simrs.internal:8080/health,8080,200
DATABASE,SIMRS-DB-01,running,11,2026-09-25 11:00:00,tcp://simrs-db.internal:5432,5432,0
DNS,DNS-01,running,8,2026-09-25 11:00:00,dns://dns-01.internal:53,53,0
FILE SERVER,FILE-01,running,7,2026-09-25 11:00:00,smb://file.internal:445,445,0
MONITORING,MONITOR-01,running,140,2026-09-25 11:00:00,http://monitor.internal:9090/-/healthy,9090,200
SIM-APOTEK,SIMRS-APP-01,running,92,2026-09-25 11:00:00,http://simrs.internal:8081/health,8081,200
SIMRS,SIMRS-APP-01,running,111,2026-09-25 11:00:00,http://simrs.internal:8080/health,8080,200
DATABASE,SIMRS-DB-01,running,4,2026-09-25 12:00:00,tcp://simrs-db.internal:5432,5432,0
DNS,DNS-01,running,10,2026-09-25 12:00:00,dns://dns-01.internal:53,53,0
FILE SERVER,FILE-01,running,8,2026-09-25 12:00:00,smb://file.internal:445,445,0
MONITORING,MONITOR-01,running,142,2026-09-25 12:00:00,http://monitor.internal:9090/-/healthy,9090,200
SIM-APOTEK,SIMRS-APP-01,running,131,2026-09-25 12:00:00,http://simrs.internal:8081/health,8081,200
SIMRS,SIMRS-APP-01,running,100,2026-09-25 12:00:00,http://simrs.internal:8080/health,8080,200
DATABASE,SIMRS-DB-01,running,5,2026-09-25 13:00:00,tcp://simrs-db.internal:5432,5432,0
DNS,DNS-01,running,9,2026-09-25 13:00:00,dns://dns-01.internal:53,53,0
FILE SERVER,FILE-01,running,7,2026-09-25 13:00:00,smb://file.internal:445,445,0
MONITORING,MONITOR-01,running,114,2026-09-25 13:00:00,http://monitor.internal:9090/-/healthy,9090,200
SIM-APOTEK,SIMRS-APP-01,running,113,2026-09-25 13:00:00,http://simrs.internal:8081/health,8081,200
SIMRS,SIMRS-APP-01,running,119,2026-09-25 13:00:00,http://simrs.internal:8080/health,8080,200
DATABASE,SIMRS-DB-01,running,8,2026-09-25 13:45:00,tcp://simrs-db.internal:5432,5432,0
DNS,DNS-01,running,10,2026-09-25 13:45:00,dns://dns-01.internal:53,53,0
FILE SERVER,FILE-01,running,11,2026-09-25 13:45:00,smb://file.internal:445,445,0
MONITORING,MONITOR-01,running,142,2026-09-25 13:45:00,http://monitor.internal:9090/-/healthy,9090,200
SIM-APOTEK,SIMRS-APP-01,running,148,2026-09-25 13:45:00,http://simrs.internal:8081/health,8081,200
SIMRS,SIMRS-APP-01,running,138,2026-09-25 13:45:00,http://simrs.internal:8080/health,8080,200
DATABASE,SIMRS-DB-01,running,7,2026-09-25 13:46:00,tcp://simrs-db.internal:5432,5432,0
DNS,DNS-01,running,4,2026-09-25 13:46:00,dns://dns-01.internal:53,53,0
FILE SERVER,FILE-01,running,9,2026-09-25 13:46:00,smb://file.internal:445,445,0
MONITORING,MONITOR-01,running,98,2026-09-25 13:46:00,http://monitor.internal:9090/-/healthy,9090,200
SIM-APOTEK,SIMRS-APP-01,running,150,2026-09-25 13:46:00,http://simrs.internal:8081/health,8081,200
SIMRS,SIMRS-APP-01,running,125,2026-09-25 13:46:00,http://simrs.internal:8080/health,8080,200
DATABASE,SIMRS-DB-01,running,13,2026-09-25 13:47:00,tcp://simrs-db.internal:5432,5432,0
DNS,DNS-01,running,10,2026-09-25 13:47:00,dns://dns-01.internal:53,53,0
FILE SERVER,FILE-01,running,5,2026-09-25 13:47:00,smb://file.internal:445,445,0
MONITORING,MONITOR-01,running,147,2026-09-25 13:47:00,http://monitor.internal:9090/-/healthy,9090,200
SIM-APOTEK,SIMRS-APP-01,running,129,2026-09-25 13:47:00,http://simrs.internal:8081/health,8081,200
SIMRS,SIMRS-APP-01,running,141,2026-09-25 13:47:00,http://simrs.internal:8080/health,8080,200
DATABASE,SIMRS-DB-01,running,10,2026-09-25 13:48:00,tcp://simrs-db.internal:5432,5432,0
DNS,DNS-01,running,3,2026-09-25 13:48:00,dns://dns-01.internal:53,53,0
FILE SERVER,FILE-01,running,9,2026-09-25 13:48:00,smb://file.internal:445,445,0
MONITORING,MONITOR-01,running,133,2026-09-25 13:48:00,http://monitor.internal:9090/-/healthy,9090,200
SIM-APOTEK,SIMRS-APP-01,running,100,2026-09-25 13:48:00,http://simrs.internal:8081/health,8081,200
SIMRS,SIMRS-APP-01,running,114,2026-09-25 13:48:00,http://simrs.internal:8080/health,8080,200
DATABASE,SIMRS-DB-01,running,8,2026-09-25 13:49:00,tcp://simrs-db.internal:5432,5432,0
DNS,DNS-01,running,5,2026-09-25 13:49:00,dns://dns-01.internal:53,53,0
FILE SERVER,FILE-01,running,13,2026-09-25 13:49:00,smb://file.internal:445,445,0
MONITORING,MONITOR-01,running,105,2026-09-25 13:49:00,http://monitor.internal:9090/-/healthy,9090,200
SIM-APOTEK,SIMRS-APP-01,running,150,2026-09-25 13:49:00,http://simrs.internal:8081/health,8081,200
SIMRS,SIMRS-APP-01,running,115,2026-09-25 13:49:00,http://simrs.internal:8080/health,8080,200
DATABASE,SIMRS-DB-01,running,9,2026-09-25 13:50:00,tcp://simrs-db.internal:5432,5432,0
DNS,DNS-01,running,3,2026-09-25 13:50:00,dns://dns-01.internal:53,53,0
FILE SERVER,FILE-01,running,10,2026-09-25 13:50:00,smb://file.internal:445,445,0
MONITORING,MONITOR-01,running,147,2026-09-25 13:50:00,http://monitor.internal:9090/-/healthy,9090,200
SIM-APOTEK,SIMRS-APP-01,running,133,2026-09-25 13:50:00,http://simrs.internal:8081/health,8081,200
SIMRS,SIMRS-APP-01,running,131,2026-09-25 13:50:00,http://simrs.internal:8080/health,8080,200
DATABASE,SIMRS-DB-01,running,9,2026-09-25 13:51:00,tcp://simrs-db.internal:5432,5432,0
DNS,DNS-01,running,3,2026-09-25 13:51:00,dns://dns-01.internal:53,53,0
FILE SERVER,FILE-01,running,7,2026-09-25 13:51:00,smb://file.internal:445,445,0
MONITORING,MONITOR-01,running,104,2026-09-25 13:51:00,http://monitor.internal:9090/-/healthy,9090,200
SIM-APOTEK,SIMRS-APP-01,running,98,2026-09-25 13:51:00,http://simrs.internal:8081/health,8081,200
SIMRS,SIMRS-APP-01,running,150,2026-09-25 13:51:00,http://simrs.internal:8080/health,8080,200
DATABASE,SIMRS-DB-01,running,6,2026-09-25 13:52:00,tcp://simrs-db.internal:5432,5432,0
DNS,DNS-01,running,8,2026-09-25 13:52:00,dns://dns-01.internal:53,53,0
FILE SERVER,FILE-01,running,11,2026-09-25 13:52:00,smb://file.internal:445,445,0
MONITORING,MONITOR-01,running,138,2026-09-25 13:52:00,http://monitor.internal:9090/-/healthy,9090,200
SIM-APOTEK,SIMRS-APP-01,running,148,2026-09-25 13:52:00,http://simrs.internal:8081/health,8081,200
SIMRS,SIMRS-APP-01,running,113,2026-09-25 13:52:00,http://simrs.internal:8080/health,8080,200
DATABASE,SIMRS-DB-01,running,3,2026-09-25 13:53:00,tcp://simrs-db.internal:5432,5432,0
DNS,DNS-01,running,12,2026-09-25 13:53:00,dns://dns-01.internal:53,53,0
FILE SERVER,FILE-01,running,5,2026-09-25 13:53:00,smb://file.internal:445,445,0
MONITORING,MONITOR-01,running,134,2026-09-25 13:53:00,http://monitor.internal:9090/-/healthy,9090,200
SIM-APOTEK,SIMRS-APP-01,running,109,2026-09-25 13:53:00,http://simrs.internal:8081/health,8081,200
SIMRS,SIMRS-APP-01,running,143,2026-09-25 13:53:00,http://simrs.internal:8080/health,8080,200
DATABASE,SIMRS-DB-01,running,3,2026-09-25 13:54:00,tcp://simrs-db.internal:5432,5432,0
DNS,DNS-01,running,10,2026-09-25 13:54:00,dns://dns-01.internal:53,53,0
FILE SERVER,FILE-01,running,9,2026-09-25 13:54:00,smb://file.internal:445,445,0
MONITORING,MONITOR-01,running,125,2026-09-25 13:54:00,http://monitor.internal:9090/-/healthy,9090,200
SIM-APOTEK,SIMRS-APP-01,running,102,2026-09-25 13:54:00,http://simrs.internal:8081/health,8081,200
SIMRS,SIMRS-APP-01,running,118,2026-09-25 13:54:00,http://simrs.internal:8080/health,8080,200
DATABASE,SIMRS-DB-01,running,7,2026-09-25 13:55:00,tcp://simrs-db.internal:5432,5432,0
DNS,DNS-01,running,12,2026-09-25 13:55:00,dns://dns-01.internal:53,53,0
FILE SERVER,FILE-01,running,7,2026-09-25 13:55:00,smb://file.internal:445,445,0
MONITORING,MONITOR-01,running,113,2026-09-25 13:55:00,http://monitor.internal:9090/-/healthy,9090,200
SIM-APOTEK,SIMRS-APP-01,running,143,2026-09-25 13:55:00,http://simrs.internal:8081/health,8081,200
SIMRS,SIMRS-APP-01,running,94,2026-09-25 13:55:00,http://simrs.internal:8080/health,8080,200
DATABASE,SIMRS-DB-01,running,11,2026-09-25 13:56:00,tcp://simrs-db.internal:5432,5432,0
DNS,DNS-01,running,9,2026-09-25 13:56:00,dns://dns-01.internal:53,53,0
FILE SERVER,FILE-01,running,13,2026-09-25 13:56:00,smb://file.internal:445,445,0
MONITORING,MONITOR-01,running,134,2026-09-25 13:56:00,http://monitor.internal:9090/-/healthy,9090,200
SIM-APOTEK,SIMRS-APP-01,running,105,2026-09-25 13:56:00,http://simrs.internal:8081/health,8081,200
SIMRS,SIMRS-APP-01,running,112,2026-09-25 13:56:00,http://simrs.internal:8080/health,8080,200
DATABASE,SIMRS-DB-01,running,8,2026-09-25 13:57:00,tcp://simrs-db.internal:5432,5432,0
DNS,DNS-01,running,10,2026-09-25 13:57:00,dns://dns-01.internal:53,53,0
FILE SERVER,FILE-01,running,6,2026-09-25 13:57:00,smb://file.internal:445,445,0
MONITORING,MONITOR-01,running,145,2026-09-25 13:57:00,http://monitor.internal:9090/-/healthy,9090,200
SIM-APOTEK,SIMRS-APP-01,running,127,2026-09-25 13:57:00,http://simrs.internal:8081/health,8081,200
SIMRS,SIMRS-APP-01,running,122,2026-09-25 13:57:00,http://simrs.internal:8080/health,8080,200
DATABASE,SIMRS-DB-01,running,14,2026-09-25 13:58:00,tcp://simrs-db.internal:5432,5432,0
DNS,DNS-01,running,11,2026-09-25 13:58:00,dns://dns-01.internal:53,53,0
FILE SERVER,FILE-01,running,13,2026-09-25 13:58:00,smb://file.internal:445,445,0
MONITORING,MONITOR-01,running,96,2026-09-25 13:58:00,http://monitor.internal:9090/-/healthy,9090,200
SIM-APOTEK,SIMRS-APP-01,running,106,2026-09-25 13:58:00,http://simrs.internal:8081/health,8081,200
SIMRS,SIMRS-APP-01,running,110,2026-09-25 13:58:00,http://simrs.internal:8080/health,8080,200
DATABASE,SIMRS-DB-01,running,8,2026-09-25 13:59:00,tcp://simrs-db.internal:5432,5432,0
DNS,DNS-01,running,10,2026-09-25 13:59:00,dns://dns-01.internal:53,53,0
FILE SERVER,FILE-01,running,9,2026-09-25 13:59:00,smb://file.internal:445,445,0
MONITORING,MONITOR-01,running,117,2026-09-25 13:59:00,http://monitor.internal:9090/-/healthy,9090,200
SIM-APOTEK,SIMRS-APP-01,running,121,2026-09-25 13:59:00,http://simrs.internal:8081/health,8081,200
SIMRS,SIMRS-APP-01,degraded,6500,2026-09-25 13:59:00,http://simrs.internal:8080/health,8080,200
DATABASE,SIMRS-DB-01,running,5,2026-09-25 14:00:00,tcp://simrs-db.internal:5432,5432,0
DATABASE,SIMRS-DB-01,running,10,2026-09-25 14:00:00,tcp://simrs-db.internal:5432,5432,0
DNS,DNS-01,running,8,2026-09-25 14:00:00,dns://dns-01.internal:53,53,0
DNS,DNS-01,running,11,2026-09-25 14:00:00,dns://dns-01.internal:53,53,0
FILE SERVER,FILE-01,running,8,2026-09-25 14:00:00,smb://file.internal:445,445,0
FILE SERVER,FILE-01,running,12,2026-09-25 14:00:00,smb://file.internal:445,445,0
MONITORING,MONITOR-01,running,101,2026-09-25 14:00:00,http://monitor.internal:9090/-/healthy,9090,200
MONITORING,MONITOR-01,running,112,2026-09-25 14:00:00,http://monitor.internal:9090/-/healthy,9090,200
SIM-APOTEK,SIMRS-APP-01,running,107,2026-09-25 14:00:00,http://simrs.internal:8081/health,8081,200
SIM-APOTEK,SIMRS-APP-01,running,131,2026-09-25 14:00:00,http://simrs.internal:8081/health,8081,200
SIMRS,SIMRS-APP-01,running,141,2026-09-25 14:00:00,http://simrs.internal:8080/health,8080,200
SIMRS,SIMRS-APP-01,degraded,6500,2026-09-25 14:00:00,http://simrs.internal:8080/health,8080,200
DATABASE,SIMRS-DB-01,running,12,2026-09-25 14:01:00,tcp://simrs-db.internal:5432,5432,0
DNS,DNS-01,running,8,2026-09-25 14:01:00,dns://dns-01.internal:53,53,0
FILE SERVER,FILE-01,running,3,2026-09-25 14:01:00,smb://file.internal:445,445,0
MONITORING,MONITOR-01,running,143,2026-09-25 14:01:00,http://monitor.internal:9090/-/healthy,9090,200
SIM-APOTEK,SIMRS-APP-01,running,101,2026-09-25 14:01:00,http://simrs.internal:8081/health,8081,200
SIMRS,SIMRS-APP-01,degraded,6500,2026-09-25 14:01:00,http://simrs.internal:8080/health,8080,200
DATABASE,SIMRS-DB-01,running,14,2026-09-25 14:02:00,tcp://simrs-db.internal:5432,5432,0
DNS,DNS-01,running,6,2026-09-25 14:02:00,dns://dns-01.internal:53,53,0
FILE SERVER,FILE-01,running,6,2026-09-25 14:02:00,smb://file.internal:445,445,0
MONITORING,MONITOR-01,running,118,2026-09-25 14:02:00,http://monitor.internal:9090/-/healthy,9090,200
SIM-APOTEK,SIMRS-APP-01,running,137,2026-09-25 14:02:00,http://simrs.internal:8081/health,8081,200
SIMRS,SIMRS-APP-01,degraded,6500,2026-09-25 14:02:00,http://simrs.internal:8080/health,8080,200
DATABASE,SIMRS-DB-01,running,4,2026-09-25 14:03:00,tcp://simrs-db.internal:5432,5432,0
DNS,DNS-01,running,8,2026-09-25 14:03:00,dns://dns-01.internal:53,53,0
FILE SERVER,FILE-01,running,7,2026-09-25 14:03:00,smb://file.internal:445,445,0
MONITORING,MONITOR-01,running,101,2026-09-25 14:03:00,http://monitor.internal:9090/-/healthy,9090,200
SIM-APOTEK,SIMRS-APP-01,running,128,2026-09-25 14:03:00,http://simrs.internal:8081/health,8081,200
SIMRS,SIMRS-APP-01,degraded,6500,2026-09-25 14:03:00,http://simrs.internal:8080/health,8080,200
DATABASE,SIMRS-DB-01,running,13,2026-09-25 14:04:00,tcp://simrs-db.internal:5432,5432,0
DNS,DNS-01,running,6,2026-09-25 14:04:00,dns://dns-01.internal:53,53,0
FILE SERVER,FILE-01,running,14,2026-09-25 14:04:00,smb://file.internal:445,445,0
MONITORING,MONITOR-01,running,149,2026-09-25 14:04:00,http://monitor.internal:9090/-/healthy,9090,200
SIM-APOTEK,SIMRS-APP-01,running,147,2026-09-25 14:04:00,http://simrs.internal:8081/health,8081,200
SIMRS,SIMRS-APP-01,degraded,6500,2026-09-25 14:04:00,http://simrs.internal:8080/health,8080,200
DATABASE,SIMRS-DB-01,running,8,2026-09-25 14:05:00,tcp://simrs-db.internal:5432,5432,0
DNS,DNS-01,running,3,2026-09-25 14:05:00,dns://dns-01.internal:53,53,0
FILE SERVER,FILE-01,running,3,2026-09-25 14:05:00,smb://file.internal:445,445,0
MONITORING,MONITOR-01,running,128,2026-09-25 14:05:00,http://monitor.internal:9090/-/healthy,9090,200
SIM-APOTEK,SIMRS-APP-01,running,144,2026-09-25 14:05:00,http://simrs.internal:8081/health,8081,200
SIMRS,SIMRS-APP-01,degraded,6500,2026-09-25 14:05:00,http://simrs.internal:8080/health,8080,200
DATABASE,SIMRS-DB-01,running,9,2026-09-25 14:06:00,tcp://simrs-db.internal:5432,5432,0
DNS,DNS-01,running,13,2026-09-25 14:06:00,dns://dns-01.internal:53,53,0
FILE SERVER,FILE-01,running,8,2026-09-25 14:06:00,smb://file.internal:445,445,0
MONITORING,MONITOR-01,running,124,2026-09-25 14:06:00,http://monitor.internal:9090/-/healthy,9090,200
SIM-APOTEK,SIMRS-APP-01,running,144,2026-09-25 14:06:00,http://simrs.internal:8081/health,8081,200
SIMRS,SIMRS-APP-01,degraded,6500,2026-09-25 14:06:00,http://simrs.internal:8080/health,8080,200
DATABASE,SIMRS-DB-01,running,13,2026-09-25 14:07:00,tcp://simrs-db.internal:5432,5432,0
DNS,DNS-01,running,13,2026-09-25 14:07:00,dns://dns-01.internal:53,53,0
FILE SERVER,FILE-01,running,3,2026-09-25 14:07:00,smb://file.internal:445,445,0
MONITORING,MONITOR-01,running,119,2026-09-25 14:07:00,http://monitor.internal:9090/-/healthy,9090,200
SIM-APOTEK,SIMRS-APP-01,running,105,2026-09-25 14:07:00,http://simrs.internal:8081/health,8081,200
SIMRS,SIMRS-APP-01,degraded,6500,2026-09-25 14:07:00,http://simrs.internal:8080/health,8080,200
DATABASE,SIMRS-DB-01,running,6,2026-09-25 14:08:00,tcp://simrs-db.internal:5432,5432,0
DNS,DNS-01,running,12,2026-09-25 14:08:00,dns://dns-01.internal:53,53,0
FILE SERVER,FILE-01,running,5,2026-09-25 14:08:00,smb://file.internal:445,445,0
MONITORING,MONITOR-01,running,135,2026-09-25 14:08:00,http://monitor.internal:9090/-/healthy,9090,200
SIM-APOTEK,SIMRS-APP-01,running,115,2026-09-25 14:08:00,http://simrs.internal:8081/health,8081,200
SIMRS,SIMRS-APP-01,degraded,6500,2026-09-25 14:08:00,http://simrs.internal:8080/health,8080,200
DATABASE,SIMRS-DB-01,running,7,2026-09-25 14:09:00,tcp://simrs-db.internal:5432,5432,0
DNS,DNS-01,running,14,2026-09-25 14:09:00,dns://dns-01.internal:53,53,0
FILE SERVER,FILE-01,running,4,2026-09-25 14:09:00,smb://file.internal:445,445,0
MONITORING,MONITOR-01,running,137,2026-09-25 14:09:00,http://monitor.internal:9090/-/healthy,9090,200
SIM-APOTEK,SIMRS-APP-01,running,98,2026-09-25 14:09:00,http://simrs.internal:8081/health,8081,200
SIMRS,SIMRS-APP-01,degraded,6500,2026-09-25 14:09:00,http://simrs.internal:8080/health,8080,200
DATABASE,SIMRS-DB-01,running,12,2026-09-25 14:10:00,tcp://simrs-db.internal:5432,5432,0
DNS,DNS-01,running,9,2026-09-25 14:10:00,dns://dns-01.internal:53,53,0
FILE SERVER,FILE-01,running,13,2026-09-25 14:10:00,smb://file.internal:445,445,0
MONITORING,MONITOR-01,running,117,2026-09-25 14:10:00,http://monitor.internal:9090/-/healthy,9090,200
SIM-APOTEK,SIMRS-APP-01,running,148,2026-09-25 14:10:00,http://simrs.internal:8081/health,8081,200
SIMRS,SIMRS-APP-01,degraded,6500,2026-09-25 14:10:00,http://simrs.internal:8080/health,8080,200
DATABASE,SIMRS-DB-01,running,5,2026-09-25 14:11:00,tcp://simrs-db.internal:5432,5432,0
DNS,DNS-01,running,10,2026-09-25 14:11:00,dns://dns-01.internal:53,53,0
FILE SERVER,FILE-01,running,7,2026-09-25 14:11:00,smb://file.internal:445,445,0
MONITORING,MONITOR-01,running,119,2026-09-25 14:11:00,http://monitor.internal:9090/-/healthy,9090,200
SIM-APOTEK,SIMRS-APP-01,running,134,2026-09-25 14:11:00,http://simrs.internal:8081/health,8081,200
SIMRS,SIMRS-APP-01,degraded,6500,2026-09-25 14:11:00,http://simrs.internal:8080/health,8080,200
DATABASE,SIMRS-DB-01,running,14,2026-09-25 14:12:00,tcp://simrs-db.internal:5432,5432,0
DNS,DNS-01,running,11,2026-09-25 14:12:00,dns://dns-01.internal:53,53,0
FILE SERVER,FILE-01,running,8,2026-09-25 14:12:00,smb://file.internal:445,445,0
MONITORING,MONITOR-01,running,142,2026-09-25 14:12:00,http://monitor.internal:9090/-/healthy,9090,200
SIM-APOTEK,SIMRS-APP-01,running,94,2026-09-25 14:12:00,http://simrs.internal:8081/health,8081,200
SIMRS,SIMRS-APP-01,degraded,6500,2026-09-25 14:12:00,http://simrs.internal:8080/health,8080,200
DATABASE,SIMRS-DB-01,running,5,2026-09-25 14:13:00,tcp://simrs-db.internal:5432,5432,0
DNS,DNS-01,running,11,2026-09-25 14:13:00,dns://dns-01.internal:53,53,0
FILE SERVER,FILE-01,running,11,2026-09-25 14:13:00,smb://file.internal:445,445,0
MONITORING,MONITOR-01,running,116,2026-09-25 14:13:00,http://monitor.internal:9090/-/healthy,9090,200
SIM-APOTEK,SIMRS-APP-01,running,148,2026-09-25 14:13:00,http://simrs.internal:8081/health,8081,200
SIMRS,SIMRS-APP-01,degraded,6500,2026-09-25 14:13:00,http://simrs.internal:8080/health,8080,200
DATABASE,SIMRS-DB-01,running,9,2026-09-25 14:14:00,tcp://simrs-db.internal:5432,5432,0
DNS,DNS-01,running,13,2026-09-25 14:14:00,dns://dns-01.internal:53,53,0
FILE SERVER,FILE-01,running,13,2026-09-25 14:14:00,smb://file.internal:445,445,0
MONITORING,MONITOR-01,running,117,2026-09-25 14:14:00,http://monitor.internal:9090/-/healthy,9090,200
SIM-APOTEK,SIMRS-APP-01,running,144,2026-09-25 14:14:00,http://simrs.internal:8081/health,8081,200
SIMRS,SIMRS-APP-01,degraded,6500,2026-09-25 14:14:00,http://simrs.internal:8080/health,8080,200
DATABASE,SIMRS-DB-01,running,4,2026-09-25 14:15:00,tcp://simrs-db.internal:5432,5432,0
DNS,DNS-01,running,3,2026-09-25 14:15:00,dns://dns-01.internal:53,53,0
FILE SERVER,FILE-01,running,13,2026-09-25 14:15:00,smb://file.internal:445,445,0
MONITORING,MONITOR-01,running,129,2026-09-25 14:15:00,http://monitor.internal:9090/-/healthy,9090,200
SIM-APOTEK,SIMRS-APP-01,running,108,2026-09-25 14:15:00,http://simrs.internal:8081/health,8081,200
SIMRS,SIMRS-APP-01,degraded,6500,2026-09-25 14:15:00,http://simrs.internal:8080/health,8080,200
DATABASE,SIMRS-DB-01,running,13,2026-09-25 14:16:00,tcp://simrs-db.internal:5432,5432,0
DNS,DNS-01,running,11,2026-09-25 14:16:00,dns://dns-01.internal:53,53,0
FILE SERVER,FILE-01,running,7,2026-09-25 14:16:00,smb://file.internal:445,445,0
MONITORING,MONITOR-01,running,92,2026-09-25 14:16:00,http://monitor.internal:9090/-/healthy,9090,200
SIM-APOTEK,SIMRS-APP-01,running,127,2026-09-25 14:16:00,http://simrs.internal:8081/health,8081,200
SIMRS,SIMRS-APP-01,degraded,6500,2026-09-25 14:16:00,http://simrs.internal:8080/health,8080,200
DATABASE,SIMRS-DB-01,running,13,2026-09-25 14:17:00,tcp://simrs-db.internal:5432,5432,0
DNS,DNS-01,running,10,2026-09-25 14:17:00,dns://dns-01.internal:53,53,0
FILE SERVER,FILE-01,running,8,2026-09-25 14:17:00,smb://file.internal:445,445,0
MONITORING,MONITOR-01,running,95,2026-09-25 14:17:00,http://monitor.internal:9090/-/healthy,9090,200
SIM-APOTEK,SIMRS-APP-01,running,139,2026-09-25 14:17:00,http://simrs.internal:8081/health,8081,200
SIMRS,SIMRS-APP-01,degraded,6500,2026-09-25 14:17:00,http://simrs.internal:8080/health,8080,200
DATABASE,SIMRS-DB-01,running,11,2026-09-25 14:18:00,tcp://simrs-db.internal:5432,5432,0
DNS,DNS-01,running,3,2026-09-25 14:18:00,dns://dns-01.internal:53,53,0
FILE SERVER,FILE-01,running,7,2026-09-25 14:18:00,smb://file.internal:445,445,0
MONITORING,MONITOR-01,running,144,2026-09-25 14:18:00,http://monitor.internal:9090/-/healthy,9090,200
SIM-APOTEK,SIMRS-APP-01,running,124,2026-09-25 14:18:00,http://simrs.internal:8081/health,8081,200
SIMRS,SIMRS-APP-01,degraded,6500,2026-09-25 14:18:00,http://simrs.internal:8080/health,8080,200
DATABASE,SIMRS-DB-01,running,7,2026-09-25 14:19:00,tcp://simrs-db.internal:5432,5432,0
DNS,DNS-01,running,4,2026-09-25 14:19:00,dns://dns-01.internal:53,53,0
FILE SERVER,FILE-01,running,7,2026-09-25 14:19:00,smb://file.internal:445,445,0
MONITORING,MONITOR-01,running,134,2026-09-25 14:19:00,http://monitor.internal:9090/-/healthy,9090,200
SIM-APOTEK,SIMRS-APP-01,running,98,2026-09-25 14:19:00,http://simrs.internal:8081/health,8081,200
SIMRS,SIMRS-APP-01,degraded,6500,2026-09-25 14:19:00,http://simrs.internal:8080/health,8080,200
DATABASE,SIMRS-DB-01,running,3,2026-09-25 14:20:00,tcp://simrs-db.internal:5432,5432,0
DNS,DNS-01,running,8,2026-09-25 14:20:00,dns://dns-01.internal:53,53,0
FILE SERVER,FILE-01,running,5,2026-09-25 14:20:00,smb://file.internal:445,445,0
MONITORING,MONITOR-01,running,109,2026-09-25 14:20:00,http://monitor.internal:9090/-/healthy,9090,200
SIM-APOTEK,SIMRS-APP-01,running,130,2026-09-25 14:20:00,http://simrs.internal:8081/health,8081,200
SIMRS,SIMRS-APP-01,degraded,6500,2026-09-25 14:20:00,http://simrs.internal:8080/health,8080,200
DATABASE,SIMRS-DB-01,running,13,2026-09-25 14:21:00,tcp://simrs-db.internal:5432,5432,0
DNS,DNS-01,running,5,2026-09-25 14:21:00,dns://dns-01.internal:53,53,0
FILE SERVER,FILE-01,running,3,2026-09-25 14:21:00,smb://file.internal:445,445,0
MONITORING,MONITOR-01,running,131,2026-09-25 14:21:00,http://monitor.internal:9090/-/healthy,9090,200
SIM-APOTEK,SIMRS-APP-01,running,126,2026-09-25 14:21:00,http://simrs.internal:8081/health,8081,200
SIMRS,SIMRS-APP-01,degraded,6500,2026-09-25 14:21:00,http://simrs.internal:8080/health,8080,200
DATABASE,SIMRS-DB-01,running,10,2026-09-25 14:22:00,tcp://simrs-db.internal:5432,5432,0
DNS,DNS-01,running,14,2026-09-25 14:22:00,dns://dns-01.internal:53,53,0
FILE SERVER,FILE-01,running,8,2026-09-25 14:22:00,smb://file.internal:445,445,0
MONITORING,MONITOR-01,running,109,2026-09-25 14:22:00,http://monitor.internal:9090/-/healthy,9090,200
SIM-APOTEK,SIMRS-APP-01,running,123,2026-09-25 14:22:00,http://simrs.internal:8081/health,8081,200
SIMRS,SIMRS-APP-01,degraded,6500,2026-09-25 14:22:00,http://simrs.internal:8080/health,8080,200
DATABASE,SIMRS-DB-01,running,11,2026-09-25 14:23:00,tcp://simrs-db.internal:5432,5432,0
DNS,DNS-01,running,9,2026-09-25 14:23:00,dns://dns-01.internal:53,53,0
FILE SERVER,FILE-01,running,5,2026-09-25 14:23:00,smb://file.internal:445,445,0
MONITORING,MONITOR-01,running,114,2026-09-25 14:23:00,http://monitor.internal:9090/-/healthy,9090,200
SIM-APOTEK,SIMRS-APP-01,running,108,2026-09-25 14:23:00,http://simrs.internal:8081/health,8081,200
SIMRS,SIMRS-APP-01,degraded,6500,2026-09-25 14:23:00,http://simrs.internal:8080/health,8080,200
DATABASE,SIMRS-DB-01,running,12,2026-09-25 14:24:00,tcp://simrs-db.internal:5432,5432,0
DNS,DNS-01,running,14,2026-09-25 14:24:00,dns://dns-01.internal:53,53,0
FILE SERVER,FILE-01,running,14,2026-09-25 14:24:00,smb://file.internal:445,445,0
MONITORING,MONITOR-01,running,110,2026-09-25 14:24:00,http://monitor.internal:9090/-/healthy,9090,200
SIM-APOTEK,SIMRS-APP-01,running,108,2026-09-25 14:24:00,http://simrs.internal:8081/health,8081,200
SIMRS,SIMRS-APP-01,degraded,6500,2026-09-25 14:24:00,http://simrs.internal:8080/health,8080,200
DATABASE,SIMRS-DB-01,running,5,2026-09-25 14:25:00,tcp://simrs-db.internal:5432,5432,0
DNS,DNS-01,running,11,2026-09-25 14:25:00,dns://dns-01.internal:53,53,0
FILE SERVER,FILE-01,running,10,2026-09-25 14:25:00,smb://file.internal:445,445,0
MONITORING,MONITOR-01,running,98,2026-09-25 14:25:00,http://monitor.internal:9090/-/healthy,9090,200
SIM-APOTEK,SIMRS-APP-01,running,106,2026-09-25 14:25:00,http://simrs.internal:8081/health,8081,200
SIMRS,SIMRS-APP-01,degraded,6500,2026-09-25 14:25:00,http://simrs.internal:8080/health,8080,200
DATABASE,SIMRS-DB-01,running,10,2026-09-25 14:26:00,tcp://simrs-db.internal:5432,5432,0
DNS,DNS-01,running,8,2026-09-25 14:26:00,dns://dns-01.internal:53,53,0
FILE SERVER,FILE-01,running,6,2026-09-25 14:26:00,smb://file.internal:445,445,0
MONITORING,MONITOR-01,running,130,2026-09-25 14:26:00,http://monitor.internal:9090/-/healthy,9090,200
SIM-APOTEK,SIMRS-APP-01,running,104,2026-09-25 14:26:00,http://simrs.internal:8081/health,8081,200
SIMRS,SIMRS-APP-01,degraded,6500,2026-09-25 14:26:00,http://simrs.internal:8080/health,8080,200
DATABASE,SIMRS-DB-01,running,14,2026-09-25 14:27:00,tcp://simrs-db.internal:5432,5432,0
DNS,DNS-01,running,11,2026-09-25 14:27:00,dns://dns-01.internal:53,53,0
FILE SERVER,FILE-01,running,3,2026-09-25 14:27:00,smb://file.internal:445,445,0
MONITORING,MONITOR-01,running,108,2026-09-25 14:27:00,http://monitor.internal:9090/-/healthy,9090,200
SIM-APOTEK,SIMRS-APP-01,running,149,2026-09-25 14:27:00,http://simrs.internal:8081/health,8081,200
SIMRS,SIMRS-APP-01,degraded,6500,2026-09-25 14:27:00,http://simrs.internal:8080/health,8080,200
DATABASE,SIMRS-DB-01,running,10,2026-09-25 14:28:00,tcp://simrs-db.internal:5432,5432,0
DNS,DNS-01,running,12,2026-09-25 14:28:00,dns://dns-01.internal:53,53,0
FILE SERVER,FILE-01,running,5,2026-09-25 14:28:00,smb://file.internal:445,445,0
MONITORING,MONITOR-01,running,121,2026-09-25 14:28:00,http://monitor.internal:9090/-/healthy,9090,200
SIM-APOTEK,SIMRS-APP-01,running,128,2026-09-25 14:28:00,http://simrs.internal:8081/health,8081,200
SIMRS,SIMRS-APP-01,degraded,6500,2026-09-25 14:28:00,http://simrs.internal:8080/health,8080,200
DATABASE,SIMRS-DB-01,running,9,2026-09-25 14:29:00,tcp://simrs-db.internal:5432,5432,0
DNS,DNS-01,running,4,2026-09-25 14:29:00,dns://dns-01.internal:53,53,0
FILE SERVER,FILE-01,running,3,2026-09-25 14:29:00,smb://file.internal:445,445,0
MONITORING,MONITOR-01,running,131,2026-09-25 14:29:00,http://monitor.internal:9090/-/healthy,9090,200
SIM-APOTEK,SIMRS-APP-01,running,134,2026-09-25 14:29:00,http://simrs.internal:8081/health,8081,200
SIMRS,SIMRS-APP-01,degraded,6500,2026-09-25 14:29:00,http://simrs.internal:8080/health,8080,200
DATABASE,SIMRS-DB-01,running,13,2026-09-25 14:30:00,tcp://simrs-db.internal:5432,5432,0
DNS,DNS-01,running,12,2026-09-25 14:30:00,dns://dns-01.internal:53,53,0
FILE SERVER,FILE-01,running,10,2026-09-25 14:30:00,smb://file.internal:445,445,0
MONITORING,MONITOR-01,running,91,2026-09-25 14:30:00,http://monitor.internal:9090/-/healthy,9090,200
SIM-APOTEK,SIMRS-APP-01,running,100,2026-09-25 14:30:00,http://simrs.internal:8081/health,8081,200
SIMRS,SIMRS-APP-01,degraded,6500,2026-09-25 14:30:00,http://simrs.internal:8080/health,8080,200
DATABASE,SIMRS-DB-01,running,5,2026-09-25 14:31:00,tcp://simrs-db.internal:5432,5432,0
DNS,DNS-01,running,5,2026-09-25 14:31:00,dns://dns-01.internal:53,53,0
FILE SERVER,FILE-01,running,8,2026-09-25 14:31:00,smb://file.internal:445,445,0
MONITORING,MONITOR-01,running,139,2026-09-25 14:31:00,http://monitor.internal:9090/-/healthy,9090,200
SIM-APOTEK,SIMRS-APP-01,running,147,2026-09-25 14:31:00,http://simrs.internal:8081/health,8081,200
SIMRS,SIMRS-APP-01,degraded,6500,2026-09-25 14:31:00,http://simrs.internal:8080/health,8080,200
DATABASE,SIMRS-DB-01,running,11,2026-09-25 14:32:00,tcp://simrs-db.internal:5432,5432,0
DNS,DNS-01,running,13,2026-09-25 14:32:00,dns://dns-01.internal:53,53,0
FILE SERVER,FILE-01,running,9,2026-09-25 14:32:00,smb://file.internal:445,445,0
MONITORING,MONITOR-01,running,123,2026-09-25 14:32:00,http://monitor.internal:9090/-/healthy,9090,200
SIM-APOTEK,SIMRS-APP-01,running,127,2026-09-25 14:32:00,http://simrs.internal:8081/health,8081,200
SIMRS,SIMRS-APP-01,degraded,6500,2026-09-25 14:32:00,http://simrs.internal:8080/health,8080,200
DATABASE,SIMRS-DB-01,running,10,2026-09-25 14:33:00,tcp://simrs-db.internal:5432,5432,0
DNS,DNS-01,running,14,2026-09-25 14:33:00,dns://dns-01.internal:53,53,0
FILE SERVER,FILE-01,running,12,2026-09-25 14:33:00,smb://file.internal:445,445,0
MONITORING,MONITOR-01,running,120,2026-09-25 14:33:00,http://monitor.internal:9090/-/healthy,9090,200
SIM-APOTEK,SIMRS-APP-01,running,101,2026-09-25 14:33:00,http://simrs.internal:8081/health,8081,200
SIMRS,SIMRS-APP-01,degraded,6500,2026-09-25 14:33:00,http://simrs.internal:8080/health,8080,200
DATABASE,SIMRS-DB-01,running,14,2026-09-25 14:34:00,tcp://simrs-db.internal:5432,5432,0
DNS,DNS-01,running,12,2026-09-25 14:34:00,dns://dns-01.internal:53,53,0
FILE SERVER,FILE-01,running,6,2026-09-25 14:34:00,smb://file.internal:445,445,0
MONITORING,MONITOR-01,running,111,2026-09-25 14:34:00,http://monitor.internal:9090/-/healthy,9090,200
SIM-APOTEK,SIMRS-APP-01,running,143,2026-09-25 14:34:00,http://simrs.internal:8081/health,8081,200
SIMRS,SIMRS-APP-01,degraded,6500,2026-09-25 14:34:00,http://simrs.internal:8080/health,8080,200
DATABASE,SIMRS-DB-01,running,3,2026-09-25 14:35:00,tcp://simrs-db.internal:5432,5432,0
DNS,DNS-01,running,12,2026-09-25 14:35:00,dns://dns-01.internal:53,53,0
FILE SERVER,FILE-01,running,8,2026-09-25 14:35:00,smb://file.internal:445,445,0
MONITORING,MONITOR-01,running,138,2026-09-25 14:35:00,http://monitor.internal:9090/-/healthy,9090,200
SIM-APOTEK,SIMRS-APP-01,running,113,2026-09-25 14:35:00,http://simrs.internal:8081/health,8081,200
SIMRS,SIMRS-APP-01,degraded,6500,2026-09-25 14:35:00,http://simrs.internal:8080/health,8080,200
DATABASE,SIMRS-DB-01,running,4,2026-09-25 14:36:00,tcp://simrs-db.internal:5432,5432,0
DNS,DNS-01,running,6,2026-09-25 14:36:00,dns://dns-01.internal:53,53,0
FILE SERVER,FILE-01,running,9,2026-09-25 14:36:00,smb://file.internal:445,445,0
MONITORING,MONITOR-01,running,100,2026-09-25 14:36:00,http://monitor.internal:9090/-/healthy,9090,200
SIM-APOTEK,SIMRS-APP-01,running,127,2026-09-25 14:36:00,http://simrs.internal:8081/health,8081,200
SIMRS,SIMRS-APP-01,degraded,6500,2026-09-25 14:36:00,http://simrs.internal:8080/health,8080,200
DATABASE,SIMRS-DB-01,running,9,2026-09-25 14:37:00,tcp://simrs-db.internal:5432,5432,0
DNS,DNS-01,running,9,2026-09-25 14:37:00,dns://dns-01.internal:53,53,0
FILE SERVER,FILE-01,running,8,2026-09-25 14:37:00,smb://file.internal:445,445,0
MONITORING,MONITOR-01,running,117,2026-09-25 14:37:00,http://monitor.internal:9090/-/healthy,9090,200
SIM-APOTEK,SIMRS-APP-01,running,122,2026-09-25 14:37:00,http://simrs.internal:8081/health,8081,200
SIMRS,SIMRS-APP-01,running,137,2026-09-25 14:37:00,http://simrs.internal:8080/health,8080,200
DATABASE,SIMRS-DB-01,running,12,2026-09-25 14:38:00,tcp://simrs-db.internal:5432,5432,0
DNS,DNS-01,running,14,2026-09-25 14:38:00,dns://dns-01.internal:53,53,0
FILE SERVER,FILE-01,running,6,2026-09-25 14:38:00,smb://file.internal:445,445,0
MONITORING,MONITOR-01,running,122,2026-09-25 14:38:00,http://monitor.internal:9090/-/healthy,9090,200
SIM-APOTEK,SIMRS-APP-01,running,122,2026-09-25 14:38:00,http://simrs.internal:8081/health,8081,200
SIMRS,SIMRS-APP-01,running,133,2026-09-25 14:38:00,http://simrs.internal:8080/health,8080,200
DATABASE,SIMRS-DB-01,running,10,2026-09-25 14:39:00,tcp://simrs-db.internal:5432,5432,0
DNS,DNS-01,running,4,2026-09-25 14:39:00,dns://dns-01.internal:53,53,0
FILE SERVER,FILE-01,running,8,2026-09-25 14:39:00,smb://file.internal:445,445,0
MONITORING,MONITOR-01,running,111,2026-09-25 14:39:00,http://monitor.internal:9090/-/healthy,9090,200
SIM-APOTEK,SIMRS-APP-01,running,109,2026-09-25 14:39:00,http://simrs.internal:8081/health,8081,200
SIMRS,SIMRS-APP-01,running,139,2026-09-25 14:39:00,http://simrs.internal:8080/health,8080,200
DATABASE,SIMRS-DB-01,running,10,2026-09-25 14:40:00,tcp://simrs-db.internal:5432,5432,0
DNS,DNS-01,running,13,2026-09-25 14:40:00,dns://dns-01.internal:53,53,0
FILE SERVER,FILE-01,running,4,2026-09-25 14:40:00,smb://file.internal:445,445,0
MONITORING,MONITOR-01,running,141,2026-09-25 14:40:00,http://monitor.internal:9090/-/healthy,9090,200
SIM-APOTEK,SIMRS-APP-01,running,129,2026-09-25 14:40:00,http://simrs.internal:8081/health,8081,200
SIMRS,SIMRS-APP-01,running,103,2026-09-25 14:40:00,http://simrs.internal:8080/health,8080,200
DATABASE,SIMRS-DB-01,running,3,2026-09-25 14:41:00,tcp://simrs-db.internal:5432,5432,0
DNS,DNS-01,running,3,2026-09-25 14:41:00,dns://dns-01.internal:53,53,0
FILE SERVER,FILE-01,running,7,2026-09-25 14:41:00,smb://file.internal:445,445,0
MONITORING,MONITOR-01,running,96,2026-09-25 14:41:00,http://monitor.internal:9090/-/healthy,9090,200
SIM-APOTEK,SIMRS-APP-01,running,95,2026-09-25 14:41:00,http://simrs.internal:8081/health,8081,200
SIMRS,SIMRS-APP-01,running,112,2026-09-25 14:41:00,http://simrs.internal:8080/health,8080,200
DATABASE,SIMRS-DB-01,running,11,2026-09-25 14:42:00,tcp://simrs-db.internal:5432,5432,0
DNS,DNS-01,running,14,2026-09-25 14:42:00,dns://dns-01.internal:53,53,0
FILE SERVER,FILE-01,running,4,2026-09-25 14:42:00,smb://file.internal:445,445,0
MONITORING,MONITOR-01,running,118,2026-09-25 14:42:00,http://monitor.internal:9090/-/healthy,9090,200
SIM-APOTEK,SIMRS-APP-01,running,105,2026-09-25 14:42:00,http://simrs.internal:8081/health,8081,200
SIMRS,SIMRS-APP-01,running,122,2026-09-25 14:42:00,http://simrs.internal:8080/health,8080,200
DATABASE,SIMRS-DB-01,running,5,2026-09-25 14:43:00,tcp://simrs-db.internal:5432,5432,0
DNS,DNS-01,running,5,2026-09-25 14:43:00,dns://dns-01.internal:53,53,0
FILE SERVER,FILE-01,running,4,2026-09-25 14:43:00,smb://file.internal:445,445,0
MONITORING,MONITOR-01,running,110,2026-09-25 14:43:00,http://monitor.internal:9090/-/healthy,9090,200
SIM-APOTEK,SIMRS-APP-01,running,95,2026-09-25 14:43:00,http://simrs.internal:8081/health,8081,200
SIMRS,SIMRS-APP-01,running,134,2026-09-25 14:43:00,http://simrs.internal:8080/health,8080,200
DATABASE,SIMRS-DB-01,running,6,2026-09-25 14:44:00,tcp://simrs-db.internal:5432,5432,0
DNS,DNS-01,running,7,2026-09-25 14:44:00,dns://dns-01.internal:53,53,0
FILE SERVER,FILE-01,running,9,2026-09-25 14:44:00,smb://file.internal:445,445,0
MONITORING,MONITOR-01,running,124,2026-09-25 14:44:00,http://monitor.internal:9090/-/healthy,9090,200
SIM-APOTEK,SIMRS-APP-01,running,135,2026-09-25 14:44:00,http://simrs.internal:8081/health,8081,200
SIMRS,SIMRS-APP-01,running,99,2026-09-25 14:44:00,http://simrs.internal:8080/health,8080,200
DATABASE,SIMRS-DB-01,running,7,2026-09-25 14:45:00,tcp://simrs-db.internal:5432,5432,0
DNS,DNS-01,running,12,2026-09-25 14:45:00,dns://dns-01.internal:53,53,0
FILE SERVER,FILE-01,running,10,2026-09-25 14:45:00,smb://file.internal:445,445,0
MONITORING,MONITOR-01,running,110,2026-09-25 14:45:00,http://monitor.internal:9090/-/healthy,9090,200
SIM-APOTEK,SIMRS-APP-01,running,137,2026-09-25 14:45:00,http://simrs.internal:8081/health,8081,200
SIMRS,SIMRS-APP-01,running,101,2026-09-25 14:45:00,http://simrs.internal:8080/health,8080,200
DATABASE,SIMRS-DB-01,running,11,2026-09-25 14:46:00,tcp://simrs-db.internal:5432,5432,0
DNS,DNS-01,running,10,2026-09-25 14:46:00,dns://dns-01.internal:53,53,0
FILE SERVER,FILE-01,running,7,2026-09-25 14:46:00,smb://file.internal:445,445,0
MONITORING,MONITOR-01,running,130,2026-09-25 14:46:00,http://monitor.internal:9090/-/healthy,9090,200
SIM-APOTEK,SIMRS-APP-01,running,136,2026-09-25 14:46:00,http://simrs.internal:8081/health,8081,200
SIMRS,SIMRS-APP-01,running,110,2026-09-25 14:46:00,http://simrs.internal:8080/health,8080,200
DATABASE,SIMRS-DB-01,running,14,2026-09-25 14:47:00,tcp://simrs-db.internal:5432,5432,0
DNS,DNS-01,running,12,2026-09-25 14:47:00,dns://dns-01.internal:53,53,0
FILE SERVER,FILE-01,running,9,2026-09-25 14:47:00,smb://file.internal:445,445,0
MONITORING,MONITOR-01,running,119,2026-09-25 14:47:00,http://monitor.internal:9090/-/healthy,9090,200
SIM-APOTEK,SIMRS-APP-01,running,94,2026-09-25 14:47:00,http://simrs.internal:8081/health,8081,200
SIMRS,SIMRS-APP-01,running,142,2026-09-25 14:47:00,http://simrs.internal:8080/health,8080,200
DATABASE,SIMRS-DB-01,running,10,2026-09-25 14:48:00,tcp://simrs-db.internal:5432,5432,0
DNS,DNS-01,running,11,2026-09-25 14:48:00,dns://dns-01.internal:53,53,0
FILE SERVER,FILE-01,running,14,2026-09-25 14:48:00,smb://file.internal:445,445,0
MONITORING,MONITOR-01,running,130,2026-09-25 14:48:00,http://monitor.internal:9090/-/healthy,9090,200
SIM-APOTEK,SIMRS-APP-01,running,96,2026-09-25 14:48:00,http://simrs.internal:8081/health,8081,200
SIMRS,SIMRS-APP-01,running,127,2026-09-25 14:48:00,http://simrs.internal:8080/health,8080,200
DATABASE,SIMRS-DB-01,running,8,2026-09-25 14:49:00,tcp://simrs-db.internal:5432,5432,0
DNS,DNS-01,running,4,2026-09-25 14:49:00,dns://dns-01.internal:53,53,0
FILE SERVER,FILE-01,running,13,2026-09-25 14:49:00,smb://file.internal:445,445,0
MONITORING,MONITOR-01,running,124,2026-09-25 14:49:00,http://monitor.internal:9090/-/healthy,9090,200
SIM-APOTEK,SIMRS-APP-01,running,135,2026-09-25 14:49:00,http://simrs.internal:8081/health,8081,200
SIMRS,SIMRS-APP-01,running,145,2026-09-25 14:49:00,http://simrs.internal:8080/health,8080,200
DATABASE,SIMRS-DB-01,running,8,2026-09-25 14:50:00,tcp://simrs-db.internal:5432,5432,0
DNS,DNS-01,running,9,2026-09-25 14:50:00,dns://dns-01.internal:53,53,0
FILE SERVER,FILE-01,running,5,2026-09-25 14:50:00,smb://file.internal:445,445,0
MONITORING,MONITOR-01,running,91,2026-09-25 14:50:00,http://monitor.internal:9090/-/healthy,9090,200
SIM-APOTEK,SIMRS-APP-01,running,149,2026-09-25 14:50:00,http://simrs.internal:8081/health,8081,200
SIMRS,SIMRS-APP-01,running,118,2026-09-25 14:50:00,http://simrs.internal:8080/health,8080,200
DATABASE,SIMRS-DB-01,running,9,2026-09-25 15:00:00,tcp://simrs-db.internal:5432,5432,0
DNS,DNS-01,running,7,2026-09-25 15:00:00,dns://dns-01.internal:53,53,0
FILE SERVER,FILE-01,running,11,2026-09-25 15:00:00,smb://file.internal:445,445,0
MONITORING,MONITOR-01,running,103,2026-09-25 15:00:00,http://monitor.internal:9090/-/healthy,9090,200
SIM-APOTEK,SIMRS-APP-01,running,146,2026-09-25 15:00:00,http://simrs.internal:8081/health,8081,200
SIMRS,SIMRS-APP-01,running,90,2026-09-25 15:00:00,http://simrs.internal:8080/health,8080,200
DATABASE,SIMRS-DB-01,running,12,2026-09-25 16:00:00,tcp://simrs-db.internal:5432,5432,0
DNS,DNS-01,running,9,2026-09-25 16:00:00,dns://dns-01.internal:53,53,0
FILE SERVER,FILE-01,running,12,2026-09-25 16:00:00,smb://file.internal:445,445,0
MONITORING,MONITOR-01,running,93,2026-09-25 16:00:00,http://monitor.internal:9090/-/healthy,9090,200
SIM-APOTEK,SIMRS-APP-01,running,132,2026-09-25 16:00:00,http://simrs.internal:8081/health,8081,200
SIMRS,SIMRS-APP-01,running,133,2026-09-25 16:00:00,http://simrs.internal:8080/health,8080,200
DATABASE,SIMRS-DB-01,running,4,2026-09-25 17:00:00,tcp://simrs-db.internal:5432,5432,0
DNS,DNS-01,running,13,2026-09-25 17:00:00,dns://dns-01.internal:53,53,0
FILE SERVER,FILE-01,running,11,2026-09-25 17:00:00,smb://file.internal:445,445,0
MONITORING,MONITOR-01,running,99,2026-09-25 17:00:00,http://monitor.internal:9090/-/healthy,9090,200
SIM-APOTEK,SIMRS-APP-01,running,136,2026-09-25 17:00:00,http://simrs.internal:8081/health,8081,200
SIMRS,SIMRS-APP-01,running,141,2026-09-25 17:00:00,http://simrs.internal:8080/health,8080,200
DATABASE,SIMRS-DB-01,running,14,2026-09-25 18:00:00,tcp://simrs-db.internal:5432,5432,0
DNS,DNS-01,running,8,2026-09-25 18:00:00,dns://dns-01.internal:53,53,0
FILE SERVER,FILE-01,running,4,2026-09-25 18:00:00,smb://file.internal:445,445,0
MONITORING,MONITOR-01,running,94,2026-09-25 18:00:00,http://monitor.internal:9090/-/healthy,9090,200
SIM-APOTEK,SIMRS-APP-01,running,132,2026-09-25 18:00:00,http://simrs.internal:8081/health,8081,200
SIMRS,SIMRS-APP-01,running,113,2026-09-25 18:00:00,http://simrs.internal:8080/health,8080,200
DATABASE,SIMRS-DB-01,running,14,2026-09-25 19:00:00,tcp://simrs-db.internal:5432,5432,0
DNS,DNS-01,running,3,2026-09-25 19:00:00,dns://dns-01.internal:53,53,0
FILE SERVER,FILE-01,running,13,2026-09-25 19:00:00,smb://file.internal:445,445,0
MONITORING,MONITOR-01,running,99,2026-09-25 19:00:00,http://monitor.internal:9090/-/healthy,9090,200
SIM-APOTEK,SIMRS-APP-01,running,95,2026-09-25 19:00:00,http://simrs.internal:8081/health,8081,200
SIMRS,SIMRS-APP-01,running,115,2026-09-25 19:00:00,http://simrs.internal:8080/health,8080,200
DATABASE,SIMRS-DB-01,running,5,2026-09-25 20:00:00,tcp://simrs-db.internal:5432,5432,0
DNS,DNS-01,running,7,2026-09-25 20:00:00,dns://dns-01.internal:53,53,0
FILE SERVER,FILE-01,running,9,2026-09-25 20:00:00,smb://file.internal:445,445,0
MONITORING,MONITOR-01,running,90,2026-09-25 20:00:00,http://monitor.internal:9090/-/healthy,9090,200
SIM-APOTEK,SIMRS-APP-01,running,121,2026-09-25 20:00:00,http://simrs.internal:8081/health,8081,200
SIMRS,SIMRS-APP-01,running,137,2026-09-25 20:00:00,http://simrs.internal:8080/health,8080,200
DATABASE,SIMRS-DB-01,running,10,2026-09-25 21:00:00,tcp://simrs-db.internal:5432,5432,0
DNS,DNS-01,running,10,2026-09-25 21:00:00,dns://dns-01.internal:53,53,0
FILE SERVER,FILE-01,running,11,2026-09-25 21:00:00,smb://file.internal:445,445,0
MONITORING,MONITOR-01,running,96,2026-09-25 21:00:00,http://monitor.internal:9090/-/healthy,9090,200
SIM-APOTEK,SIMRS-APP-01,running,94,2026-09-25 21:00:00,http://simrs.internal:8081/health,8081,200
SIMRS,SIMRS-APP-01,running,150,2026-09-25 21:00:00,http://simrs.internal:8080/health,8080,200
DATABASE,SIMRS-DB-01,running,12,2026-09-25 22:00:00,tcp://simrs-db.internal:5432,5432,0
DNS,DNS-01,running,3,2026-09-25 22:00:00,dns://dns-01.internal:53,53,0
FILE SERVER,FILE-01,running,8,2026-09-25 22:00:00,smb://file.internal:445,445,0
MONITORING,MONITOR-01,running,129,2026-09-25 22:00:00,http://monitor.internal:9090/-/healthy,9090,200
SIM-APOTEK,SIMRS-APP-01,running,119,2026-09-25 22:00:00,http://simrs.internal:8081/health,8081,200
SIMRS,SIMRS-APP-01,running,130,2026-09-25 22:00:00,http://simrs.internal:8080/health,8080,200
DATABASE,SIMRS-DB-01,running,7,2026-09-25 23:00:00,tcp://simrs-db.internal:5432,5432,0
DNS,DNS-01,running,10,2026-09-25 23:00:00,dns://dns-01.internal:53,53,0
FILE SERVER,FILE-01,running,7,2026-09-25 23:00:00,smb://file.internal:445,445,0
MONITORING,MONITOR-01,running,137,2026-09-25 23:00:00,http://monitor.internal:9090/-/healthy,9090,200
SIM-APOTEK,SIMRS-APP-01,running,130,2026-09-25 23:00:00,http://simrs.internal:8081/health,8081,200
SIMRS,SIMRS-APP-01,running,134,2026-09-25 23:00:00,http://simrs.internal:8080/health,8080,200
DATABASE,SIMRS-DB-01,running,14,2026-09-26 00:00:00,tcp://simrs-db.internal:5432,5432,0
DNS,DNS-01,running,5,2026-09-26 00:00:00,dns://dns-01.internal:53,53,0
FILE SERVER,FILE-01,running,3,2026-09-26 00:00:00,smb://file.internal:445,445,0
MONITORING,MONITOR-01,running,147,2026-09-26 00:00:00,http://monitor.internal:9090/-/healthy,9090,200
SIM-APOTEK,SIMRS-APP-01,running,104,2026-09-26 00:00:00,http://simrs.internal:8081/health,8081,200
SIMRS,SIMRS-APP-01,running,139,2026-09-26 00:00:00,http://simrs.internal:8080/health,8080,200
DATABASE,SIMRS-DB-01,running,9,2026-09-26 01:00:00,tcp://simrs-db.internal:5432,5432,0
DNS,DNS-01,running,14,2026-09-26 01:00:00,dns://dns-01.internal:53,53,0
FILE SERVER,FILE-01,running,13,2026-09-26 01:00:00,smb://file.internal:445,445,0
MONITORING,MONITOR-01,running,93,2026-09-26 01:00:00,http://monitor.internal:9090/-/healthy,9090,200
SIM-APOTEK,SIMRS-APP-01,running,125,2026-09-26 01:00:00,http://simrs.internal:8081/health,8081,200
SIMRS,SIMRS-APP-01,running,112,2026-09-26 01:00:00,http://simrs.internal:8080/health,8080,200
DATABASE,SIMRS-DB-01,running,5,2026-09-26 02:00:00,tcp://simrs-db.internal:5432,5432,0
DNS,DNS-01,running,11,2026-09-26 02:00:00,dns://dns-01.internal:53,53,0
FILE SERVER,FILE-01,running,11,2026-09-26 02:00:00,smb://file.internal:445,445,0
MONITORING,MONITOR-01,running,90,2026-09-26 02:00:00,http://monitor.internal:9090/-/healthy,9090,200
SIM-APOTEK,SIMRS-APP-01,running,101,2026-09-26 02:00:00,http://simrs.internal:8081/health,8081,200
SIMRS,SIMRS-APP-01,running,92,2026-09-26 02:00:00,http://simrs.internal:8080/health,8080,200
DATABASE,SIMRS-DB-01,running,13,2026-09-26 03:00:00,tcp://simrs-db.internal:5432,5432,0
DNS,DNS-01,running,6,2026-09-26 03:00:00,dns://dns-01.internal:53,53,0
FILE SERVER,FILE-01,running,6,2026-09-26 03:00:00,smb://file.internal:445,445,0
MONITORING,MONITOR-01,running,147,2026-09-26 03:00:00,http://monitor.internal:9090/-/healthy,9090,200
SIM-APOTEK,SIMRS-APP-01,running,130,2026-09-26 03:00:00,http://simrs.internal:8081/health,8081,200
SIMRS,SIMRS-APP-01,running,116,2026-09-26 03:00:00,http://simrs.internal:8080/health,8080,200
DATABASE,SIMRS-DB-01,running,14,2026-09-26 04:00:00,tcp://simrs-db.internal:5432,5432,0
DNS,DNS-01,running,5,2026-09-26 04:00:00,dns://dns-01.internal:53,53,0
FILE SERVER,FILE-01,running,11,2026-09-26 04:00:00,smb://file.internal:445,445,0
MONITORING,MONITOR-01,running,131,2026-09-26 04:00:00,http://monitor.internal:9090/-/healthy,9090,200
SIM-APOTEK,SIMRS-APP-01,running,98,2026-09-26 04:00:00,http://simrs.internal:8081/health,8081,200
SIMRS,SIMRS-APP-01,running,137,2026-09-26 04:00:00,http://simrs.internal:8080/health,8080,200
DATABASE,SIMRS-DB-01,running,7,2026-09-26 05:00:00,tcp://simrs-db.internal:5432,5432,0
DNS,DNS-01,running,9,2026-09-26 05:00:00,dns://dns-01.internal:53,53,0
FILE SERVER,FILE-01,running,9,2026-09-26 05:00:00,smb://file.internal:445,445,0
MONITORING,MONITOR-01,running,96,2026-09-26 05:00:00,http://monitor.internal:9090/-/healthy,9090,200
SIM-APOTEK,SIMRS-APP-01,running,102,2026-09-26 05:00:00,http://simrs.internal:8081/health,8081,200
SIMRS,SIMRS-APP-01,running,128,2026-09-26 05:00:00,http://simrs.internal:8080/health,8080,200
DATABASE,SIMRS-DB-01,running,11,2026-09-26 06:00:00,tcp://simrs-db.internal:5432,5432,0
DNS,DNS-01,running,4,2026-09-26 06:00:00,dns://dns-01.internal:53,53,0
FILE SERVER,FILE-01,running,11,2026-09-26 06:00:00,smb://file.internal:445,445,0
MONITORING,MONITOR-01,running,96,2026-09-26 06:00:00,http://monitor.internal:9090/-/healthy,9090,200
SIM-APOTEK,SIMRS-APP-01,running,121,2026-09-26 06:00:00,http://simrs.internal:8081/health,8081,200
SIMRS,SIMRS-APP-01,running,112,2026-09-26 06:00:00,http://simrs.internal:8080/health,8080,200
DATABASE,SIMRS-DB-01,running,6,2026-09-26 07:00:00,tcp://simrs-db.internal:5432,5432,0
DNS,DNS-01,running,12,2026-09-26 07:00:00,dns://dns-01.internal:53,53,0
FILE SERVER,FILE-01,running,10,2026-09-26 07:00:00,smb://file.internal:445,445,0
MONITORING,MONITOR-01,running,139,2026-09-26 07:00:00,http://monitor.internal:9090/-/healthy,9090,200
SIM-APOTEK,SIMRS-APP-01,running,90,2026-09-26 07:00:00,http://simrs.internal:8081/health,8081,200
SIMRS,SIMRS-APP-01,running,138,2026-09-26 07:00:00,http://simrs.internal:8080/health,8080,200
DATABASE,SIMRS-DB-01,running,7,2026-09-26 08:00:00,tcp://simrs-db.internal:5432,5432,0
DNS,DNS-01,running,10,2026-09-26 08:00:00,dns://dns-01.internal:53,53,0
FILE SERVER,FILE-01,running,14,2026-09-26 08:00:00,smb://file.internal:445,445,0
MONITORING,MONITOR-01,running,90,2026-09-26 08:00:00,http://monitor.internal:9090/-/healthy,9090,200
SIM-APOTEK,SIMRS-APP-01,running,129,2026-09-26 08:00:00,http://simrs.internal:8081/health,8081,200
SIMRS,SIMRS-APP-01,running,103,2026-09-26 08:00:00,http://simrs.internal:8080/health,8080,200
DATABASE,SIMRS-DB-01,running,4,2026-09-26 09:00:00,tcp://simrs-db.internal:5432,5432,0
DNS,DNS-01,running,14,2026-09-26 09:00:00,dns://dns-01.internal:53,53,0
FILE SERVER,FILE-01,running,5,2026-09-26 09:00:00,smb://file.internal:445,445,0
MONITORING,MONITOR-01,running,130,2026-09-26 09:00:00,http://monitor.internal:9090/-/healthy,9090,200
SIM-APOTEK,SIMRS-APP-01,running,103,2026-09-26 09:00:00,http://simrs.internal:8081/health,8081,200
SIMRS,SIMRS-APP-01,running,129,2026-09-26 09:00:00,http://simrs.internal:8080/health,8080,200
DATABASE,SIMRS-DB-01,running,6,2026-09-26 10:00:00,tcp://simrs-db.internal:5432,5432,0
DNS,DNS-01,running,6,2026-09-26 10:00:00,dns://dns-01.internal:53,53,0
FILE SERVER,FILE-01,running,7,2026-09-26 10:00:00,smb://file.internal:445,445,0
MONITORING,MONITOR-01,running,129,2026-09-26 10:00:00,http://monitor.internal:9090/-/healthy,9090,200
SIM-APOTEK,SIMRS-APP-01,running,111,2026-09-26 10:00:00,http://simrs.internal:8081/health,8081,200
SIMRS,SIMRS-APP-01,running,139,2026-09-26 10:00:00,http://simrs.internal:8080/health,8080,200
DATABASE,SIMRS-DB-01,running,3,2026-09-26 10:10:00,tcp://simrs-db.internal:5432,5432,0
DNS,DNS-01,running,9,2026-09-26 10:10:00,dns://dns-01.internal:53,53,0
FILE SERVER,FILE-01,running,8,2026-09-26 10:10:00,smb://file.internal:445,445,0
MONITORING,MONITOR-01,running,114,2026-09-26 10:10:00,http://monitor.internal:9090/-/healthy,9090,200
SIM-APOTEK,SIMRS-APP-01,running,127,2026-09-26 10:10:00,http://simrs.internal:8081/health,8081,200
SIMRS,SIMRS-APP-01,running,136,2026-09-26 10:10:00,http://simrs.internal:8080/health,8080,200
DATABASE,SIMRS-DB-01,running,7,2026-09-26 10:11:00,tcp://simrs-db.internal:5432,5432,0
DNS,DNS-01,running,10,2026-09-26 10:11:00,dns://dns-01.internal:53,53,0
FILE SERVER,FILE-01,running,8,2026-09-26 10:11:00,smb://file.internal:445,445,0
MONITORING,MONITOR-01,running,103,2026-09-26 10:11:00,http://monitor.internal:9090/-/healthy,9090,200
SIM-APOTEK,SIMRS-APP-01,running,107,2026-09-26 10:11:00,http://simrs.internal:8081/health,8081,200
SIMRS,SIMRS-APP-01,running,142,2026-09-26 10:11:00,http://simrs.internal:8080/health,8080,200
DATABASE,SIMRS-DB-01,running,3,2026-09-26 10:12:00,tcp://simrs-db.internal:5432,5432,0
DNS,DNS-01,running,7,2026-09-26 10:12:00,dns://dns-01.internal:53,53,0
FILE SERVER,FILE-01,running,11,2026-09-26 10:12:00,smb://file.internal:445,445,0
MONITORING,MONITOR-01,running,102,2026-09-26 10:12:00,http://monitor.internal:9090/-/healthy,9090,200
SIM-APOTEK,SIMRS-APP-01,running,129,2026-09-26 10:12:00,http://simrs.internal:8081/health,8081,200
SIMRS,SIMRS-APP-01,running,114,2026-09-26 10:12:00,http://simrs.internal:8080/health,8080,200
DATABASE,SIMRS-DB-01,running,8,2026-09-26 10:13:00,tcp://simrs-db.internal:5432,5432,0
DNS,DNS-01,running,12,2026-09-26 10:13:00,dns://dns-01.internal:53,53,0
FILE SERVER,FILE-01,running,11,2026-09-26 10:13:00,smb://file.internal:445,445,0
MONITORING,MONITOR-01,running,138,2026-09-26 10:13:00,http://monitor.internal:9090/-/healthy,9090,200
SIM-APOTEK,SIMRS-APP-01,running,101,2026-09-26 10:13:00,http://simrs.internal:8081/health,8081,200
SIMRS,SIMRS-APP-01,running,106,2026-09-26 10:13:00,http://simrs.internal:8080/health,8080,200
DATABASE,SIMRS-DB-01,running,10,2026-09-26 10:14:00,tcp://simrs-db.internal:5432,5432,0
DNS,DNS-01,running,9,2026-09-26 10:14:00,dns://dns-01.internal:53,53,0
FILE SERVER,FILE-01,running,8,2026-09-26 10:14:00,smb://file.internal:445,445,0
MONITORING,MONITOR-01,running,110,2026-09-26 10:14:00,http://monitor.internal:9090/-/healthy,9090,200
SIM-APOTEK,SIMRS-APP-01,running,96,2026-09-26 10:14:00,http://simrs.internal:8081/health,8081,200
SIMRS,SIMRS-APP-01,running,98,2026-09-26 10:14:00,http://simrs.internal:8080/health,8080,200
DATABASE,SIMRS-DB-01,running,10,2026-09-26 10:15:00,tcp://simrs-db.internal:5432,5432,0
DNS,DNS-01,running,9,2026-09-26 10:15:00,dns://dns-01.internal:53,53,0
FILE SERVER,FILE-01,running,7,2026-09-26 10:15:00,smb://file.internal:445,445,0
MONITORING,MONITOR-01,running,112,2026-09-26 10:15:00,http://monitor.internal:9090/-/healthy,9090,200
SIM-APOTEK,SIMRS-APP-01,running,122,2026-09-26 10:15:00,http://simrs.internal:8081/health,8081,200
SIMRS,SIMRS-APP-01,running,117,2026-09-26 10:15:00,http://simrs.internal:8080/health,8080,200
DATABASE,SIMRS-DB-01,running,6,2026-09-26 10:16:00,tcp://simrs-db.internal:5432,5432,0
DNS,DNS-01,running,4,2026-09-26 10:16:00,dns://dns-01.internal:53,53,0
FILE SERVER,FILE-01,running,5,2026-09-26 10:16:00,smb://file.internal:445,445,0
MONITORING,MONITOR-01,running,106,2026-09-26 10:16:00,http://monitor.internal:9090/-/healthy,9090,200
SIM-APOTEK,SIMRS-APP-01,running,125,2026-09-26 10:16:00,http://simrs.internal:8081/health,8081,200
SIMRS,SIMRS-APP-01,running,110,2026-09-26 10:16:00,http://simrs.internal:8080/health,8080,200
DATABASE,SIMRS-DB-01,running,13,2026-09-26 10:17:00,tcp://simrs-db.internal:5432,5432,0
DNS,DNS-01,running,4,2026-09-26 10:17:00,dns://dns-01.internal:53,53,0
FILE SERVER,FILE-01,running,11,2026-09-26 10:17:00,smb://file.internal:445,445,0
MONITORING,MONITOR-01,running,104,2026-09-26 10:17:00,http://monitor.internal:9090/-/healthy,9090,200
SIM-APOTEK,SIMRS-APP-01,running,143,2026-09-26 10:17:00,http://simrs.internal:8081/health,8081,200
SIMRS,SIMRS-APP-01,running,141,2026-09-26 10:17:00,http://simrs.internal:8080/health,8080,200
DATABASE,SIMRS-DB-01,running,13,2026-09-26 10:18:00,tcp://simrs-db.internal:5432,5432,0
DNS,DNS-01,running,7,2026-09-26 10:18:00,dns://dns-01.internal:53,53,0
FILE SERVER,FILE-01,running,13,2026-09-26 10:18:00,smb://file.internal:445,445,0
MONITORING,MONITOR-01,running,112,2026-09-26 10:18:00,http://monitor.internal:9090/-/healthy,9090,200
SIM-APOTEK,SIMRS-APP-01,running,91,2026-09-26 10:18:00,http://simrs.internal:8081/health,8081,200
SIMRS,SIMRS-APP-01,running,105,2026-09-26 10:18:00,http://simrs.internal:8080/health,8080,200
DATABASE,SIMRS-DB-01,running,12,2026-09-26 10:19:00,tcp://simrs-db.internal:5432,5432,0
DNS,DNS-01,running,10,2026-09-26 10:19:00,dns://dns-01.internal:53,53,0
FILE SERVER,FILE-01,running,8,2026-09-26 10:19:00,smb://file.internal:445,445,0
MONITORING,MONITOR-01,running,92,2026-09-26 10:19:00,http://monitor.internal:9090/-/healthy,9090,200
SIM-APOTEK,SIMRS-APP-01,running,91,2026-09-26 10:19:00,http://simrs.internal:8081/health,8081,200
SIMRS,SIMRS-APP-01,running,144,2026-09-26 10:19:00,http://simrs.internal:8080/health,8080,200
DATABASE,SIMRS-DB-01,running,10,2026-09-26 10:20:00,tcp://simrs-db.internal:5432,5432,0
DNS,DNS-01,running,9,2026-09-26 10:20:00,dns://dns-01.internal:53,53,0
FILE SERVER,FILE-01,running,7,2026-09-26 10:20:00,smb://file.internal:445,445,0
MONITORING,MONITOR-01,running,93,2026-09-26 10:20:00,http://monitor.internal:9090/-/healthy,9090,200
SIM-APOTEK,SIMRS-APP-01,running,131,2026-09-26 10:20:00,http://simrs.internal:8081/health,8081,200
SIMRS,SIMRS-APP-01,running,114,2026-09-26 10:20:00,http://simrs.internal:8080/health,8080,200
DATABASE,SIMRS-DB-01,running,11,2026-09-26 10:21:00,tcp://simrs-db.internal:5432,5432,0
DNS,DNS-01,running,8,2026-09-26 10:21:00,dns://dns-01.internal:53,53,0
FILE SERVER,FILE-01,running,4,2026-09-26 10:21:00,smb://file.internal:445,445,0
MONITORING,MONITOR-01,running,139,2026-09-26 10:21:00,http://monitor.internal:9090/-/healthy,9090,200
SIM-APOTEK,SIMRS-APP-01,running,117,2026-09-26 10:21:00,http://simrs.internal:8081/health,8081,200
SIMRS,SIMRS-APP-01,running,119,2026-09-26 10:21:00,http://simrs.internal:8080/health,8080,200
DATABASE,SIMRS-DB-01,running,5,2026-09-26 10:22:00,tcp://simrs-db.internal:5432,5432,0
DNS,DNS-01,running,6,2026-09-26 10:22:00,dns://dns-01.internal:53,53,0
FILE SERVER,FILE-01,running,6,2026-09-26 10:22:00,smb://file.internal:445,445,0
MONITORING,MONITOR-01,running,118,2026-09-26 10:22:00,http://monitor.internal:9090/-/healthy,9090,200
SIM-APOTEK,SIMRS-APP-01,running,117,2026-09-26 10:22:00,http://simrs.internal:8081/health,8081,200
SIMRS,SIMRS-APP-01,running,148,2026-09-26 10:22:00,http://simrs.internal:8080/health,8080,200
DATABASE,SIMRS-DB-01,running,11,2026-09-26 10:23:00,tcp://simrs-db.internal:5432,5432,0
DNS,DNS-01,running,10,2026-09-26 10:23:00,dns://dns-01.internal:53,53,0
FILE SERVER,FILE-01,running,7,2026-09-26 10:23:00,smb://file.internal:445,445,0
MONITORING,MONITOR-01,running,145,2026-09-26 10:23:00,http://monitor.internal:9090/-/healthy,9090,200
SIM-APOTEK,SIMRS-APP-01,running,131,2026-09-26 10:23:00,http://simrs.internal:8081/health,8081,200
SIMRS,SIMRS-APP-01,running,128,2026-09-26 10:23:00,http://simrs.internal:8080/health,8080,200
DATABASE,SIMRS-DB-01,running,10,2026-09-26 10:24:00,tcp://simrs-db.internal:5432,5432,0
DNS,DNS-01,running,11,2026-09-26 10:24:00,dns://dns-01.internal:53,53,0
FILE SERVER,FILE-01,running,14,2026-09-26 10:24:00,smb://file.internal:445,445,0
MONITORING,MONITOR-01,running,111,2026-09-26 10:24:00,http://monitor.internal:9090/-/healthy,9090,200
SIM-APOTEK,SIMRS-APP-01,running,98,2026-09-26 10:24:00,http://simrs.internal:8081/health,8081,200
SIMRS,SIMRS-APP-01,running,116,2026-09-26 10:24:00,http://simrs.internal:8080/health,8080,200
DATABASE,SIMRS-DB-01,running,6,2026-09-26 10:25:00,tcp://simrs-db.internal:5432,5432,0
DNS,DNS-01,running,11,2026-09-26 10:25:00,dns://dns-01.internal:53,53,0
FILE SERVER,FILE-01,running,7,2026-09-26 10:25:00,smb://file.internal:445,445,0
MONITORING,MONITOR-01,running,113,2026-09-26 10:25:00,http://monitor.internal:9090/-/healthy,9090,200
SIM-APOTEK,SIMRS-APP-01,running,126,2026-09-26 10:25:00,http://simrs.internal:8081/health,8081,200
SIMRS,SIMRS-APP-01,running,104,2026-09-26 10:25:00,http://simrs.internal:8080/health,8080,200
DATABASE,SIMRS-DB-01,running,4,2026-09-26 10:26:00,tcp://simrs-db.internal:5432,5432,0
DNS,DNS-01,running,3,2026-09-26 10:26:00,dns://dns-01.internal:53,53,0
FILE SERVER,FILE-01,running,6,2026-09-26 10:26:00,smb://file.internal:445,445,0
MONITORING,MONITOR-01,running,143,2026-09-26 10:26:00,http://monitor.internal:9090/-/healthy,9090,200
SIM-APOTEK,SIMRS-APP-01,running,133,2026-09-26 10:26:00,http://simrs.internal:8081/health,8081,200
SIMRS,SIMRS-APP-01,running,150,2026-09-26 10:26:00,http://simrs.internal:8080/health,8080,200
DATABASE,SIMRS-DB-01,running,6,2026-09-26 10:27:00,tcp://simrs-db.internal:5432,5432,0
DNS,DNS-01,running,8,2026-09-26 10:27:00,dns://dns-01.internal:53,53,0
FILE SERVER,FILE-01,running,14,2026-09-26 10:27:00,smb://file.internal:445,445,0
MONITORING,MONITOR-01,running,92,2026-09-26 10:27:00,http://monitor.internal:9090/-/healthy,9090,200
SIM-APOTEK,SIMRS-APP-01,running,123,2026-09-26 10:27:00,http://simrs.internal:8081/health,8081,200
SIMRS,SIMRS-APP-01,running,95,2026-09-26 10:27:00,http://simrs.internal:8080/health,8080,200
DATABASE,SIMRS-DB-01,degraded,4500,2026-09-26 10:28:00,tcp://simrs-db.internal:5432,5432,0
DNS,DNS-01,running,7,2026-09-26 10:28:00,dns://dns-01.internal:53,53,0
FILE SERVER,FILE-01,running,6,2026-09-26 10:28:00,smb://file.internal:445,445,0
MONITORING,MONITOR-01,running,142,2026-09-26 10:28:00,http://monitor.internal:9090/-/healthy,9090,200
SIM-APOTEK,SIMRS-APP-01,running,134,2026-09-26 10:28:00,http://simrs.internal:8081/health,8081,200
SIMRS,SIMRS-APP-01,degraded,8000,2026-09-26 10:28:00,http://simrs.internal:8080/health,8080,503
DATABASE,SIMRS-DB-01,degraded,4500,2026-09-26 10:29:00,tcp://simrs-db.internal:5432,5432,0
DNS,DNS-01,running,8,2026-09-26 10:29:00,dns://dns-01.internal:53,53,0
FILE SERVER,FILE-01,running,6,2026-09-26 10:29:00,smb://file.internal:445,445,0
MONITORING,MONITOR-01,running,93,2026-09-26 10:29:00,http://monitor.internal:9090/-/healthy,9090,200
SIM-APOTEK,SIMRS-APP-01,running,130,2026-09-26 10:29:00,http://simrs.internal:8081/health,8081,200
SIMRS,SIMRS-APP-01,degraded,8000,2026-09-26 10:29:00,http://simrs.internal:8080/health,8080,503
DATABASE,SIMRS-DB-01,degraded,4500,2026-09-26 10:30:00,tcp://simrs-db.internal:5432,5432,0
DNS,DNS-01,running,4,2026-09-26 10:30:00,dns://dns-01.internal:53,53,0
FILE SERVER,FILE-01,running,3,2026-09-26 10:30:00,smb://file.internal:445,445,0
MONITORING,MONITOR-01,running,144,2026-09-26 10:30:00,http://monitor.internal:9090/-/healthy,9090,200
SIM-APOTEK,SIMRS-APP-01,running,106,2026-09-26 10:30:00,http://simrs.internal:8081/health,8081,200
SIMRS,SIMRS-APP-01,degraded,8000,2026-09-26 10:30:00,http://simrs.internal:8080/health,8080,503
DATABASE,SIMRS-DB-01,degraded,4500,2026-09-26 10:31:00,tcp://simrs-db.internal:5432,5432,0
DNS,DNS-01,running,13,2026-09-26 10:31:00,dns://dns-01.internal:53,53,0
FILE SERVER,FILE-01,running,9,2026-09-26 10:31:00,smb://file.internal:445,445,0
MONITORING,MONITOR-01,running,146,2026-09-26 10:31:00,http://monitor.internal:9090/-/healthy,9090,200
SIM-APOTEK,SIMRS-APP-01,running,103,2026-09-26 10:31:00,http://simrs.internal:8081/health,8081,200
SIMRS,SIMRS-APP-01,degraded,8000,2026-09-26 10:31:00,http://simrs.internal:8080/health,8080,503
DATABASE,SIMRS-DB-01,degraded,4500,2026-09-26 10:32:00,tcp://simrs-db.internal:5432,5432,0
DNS,DNS-01,running,4,2026-09-26 10:32:00,dns://dns-01.internal:53,53,0
FILE SERVER,FILE-01,running,12,2026-09-26 10:32:00,smb://file.internal:445,445,0
MONITORING,MONITOR-01,running,122,2026-09-26 10:32:00,http://monitor.internal:9090/-/healthy,9090,200
SIM-APOTEK,SIMRS-APP-01,running,118,2026-09-26 10:32:00,http://simrs.internal:8081/health,8081,200
SIMRS,SIMRS-APP-01,degraded,8000,2026-09-26 10:32:00,http://simrs.internal:8080/health,8080,503
DATABASE,SIMRS-DB-01,degraded,4500,2026-09-26 10:33:00,tcp://simrs-db.internal:5432,5432,0
DNS,DNS-01,running,3,2026-09-26 10:33:00,dns://dns-01.internal:53,53,0
FILE SERVER,FILE-01,running,8,2026-09-26 10:33:00,smb://file.internal:445,445,0
MONITORING,MONITOR-01,running,130,2026-09-26 10:33:00,http://monitor.internal:9090/-/healthy,9090,200
SIM-APOTEK,SIMRS-APP-01,running,113,2026-09-26 10:33:00,http://simrs.internal:8081/health,8081,200
SIMRS,SIMRS-APP-01,degraded,8000,2026-09-26 10:33:00,http://simrs.internal:8080/health,8080,503
DATABASE,SIMRS-DB-01,degraded,4500,2026-09-26 10:34:00,tcp://simrs-db.internal:5432,5432,0
DNS,DNS-01,running,11,2026-09-26 10:34:00,dns://dns-01.internal:53,53,0
FILE SERVER,FILE-01,running,4,2026-09-26 10:34:00,smb://file.internal:445,445,0
MONITORING,MONITOR-01,running,106,2026-09-26 10:34:00,http://monitor.internal:9090/-/healthy,9090,200
SIM-APOTEK,SIMRS-APP-01,running,102,2026-09-26 10:34:00,http://simrs.internal:8081/health,8081,200
SIMRS,SIMRS-APP-01,degraded,8000,2026-09-26 10:34:00,http://simrs.internal:8080/health,8080,503
DATABASE,SIMRS-DB-01,degraded,4500,2026-09-26 10:35:00,tcp://simrs-db.internal:5432,5432,0
DNS,DNS-01,running,12,2026-09-26 10:35:00,dns://dns-01.internal:53,53,0
FILE SERVER,FILE-01,running,6,2026-09-26 10:35:00,smb://file.internal:445,445,0
MONITORING,MONITOR-01,running,112,2026-09-26 10:35:00,http://monitor.internal:9090/-/healthy,9090,200
SIM-APOTEK,SIMRS-APP-01,running,91,2026-09-26 10:35:00,http://simrs.internal:8081/health,8081,200
SIMRS,SIMRS-APP-01,degraded,8000,2026-09-26 10:35:00,http://simrs.internal:8080/health,8080,503
DATABASE,SIMRS-DB-01,degraded,4500,2026-09-26 10:36:00,tcp://simrs-db.internal:5432,5432,0
DNS,DNS-01,running,13,2026-09-26 10:36:00,dns://dns-01.internal:53,53,0
FILE SERVER,FILE-01,running,10,2026-09-26 10:36:00,smb://file.internal:445,445,0
MONITORING,MONITOR-01,running,98,2026-09-26 10:36:00,http://monitor.internal:9090/-/healthy,9090,200
SIM-APOTEK,SIMRS-APP-01,running,118,2026-09-26 10:36:00,http://simrs.internal:8081/health,8081,200
SIMRS,SIMRS-APP-01,degraded,8000,2026-09-26 10:36:00,http://simrs.internal:8080/health,8080,503
DATABASE,SIMRS-DB-01,degraded,4500,2026-09-26 10:37:00,tcp://simrs-db.internal:5432,5432,0
DNS,DNS-01,running,10,2026-09-26 10:37:00,dns://dns-01.internal:53,53,0
FILE SERVER,FILE-01,running,5,2026-09-26 10:37:00,smb://file.internal:445,445,0
MONITORING,MONITOR-01,running,117,2026-09-26 10:37:00,http://monitor.internal:9090/-/healthy,9090,200
SIM-APOTEK,SIMRS-APP-01,running,126,2026-09-26 10:37:00,http://simrs.internal:8081/health,8081,200
SIMRS,SIMRS-APP-01,degraded,8000,2026-09-26 10:37:00,http://simrs.internal:8080/health,8080,503
DATABASE,SIMRS-DB-01,degraded,4500,2026-09-26 10:38:00,tcp://simrs-db.internal:5432,5432,0
DNS,DNS-01,running,13,2026-09-26 10:38:00,dns://dns-01.internal:53,53,0
FILE SERVER,FILE-01,running,12,2026-09-26 10:38:00,smb://file.internal:445,445,0
MONITORING,MONITOR-01,running,134,2026-09-26 10:38:00,http://monitor.internal:9090/-/healthy,9090,200
SIM-APOTEK,SIMRS-APP-01,running,125,2026-09-26 10:38:00,http://simrs.internal:8081/health,8081,200
SIMRS,SIMRS-APP-01,degraded,8000,2026-09-26 10:38:00,http://simrs.internal:8080/health,8080,503
DATABASE,SIMRS-DB-01,degraded,4500,2026-09-26 10:39:00,tcp://simrs-db.internal:5432,5432,0
DNS,DNS-01,running,5,2026-09-26 10:39:00,dns://dns-01.internal:53,53,0
FILE SERVER,FILE-01,running,14,2026-09-26 10:39:00,smb://file.internal:445,445,0
MONITORING,MONITOR-01,running,123,2026-09-26 10:39:00,http://monitor.internal:9090/-/healthy,9090,200
SIM-APOTEK,SIMRS-APP-01,running,108,2026-09-26 10:39:00,http://simrs.internal:8081/health,8081,200
SIMRS,SIMRS-APP-01,degraded,8000,2026-09-26 10:39:00,http://simrs.internal:8080/health,8080,503
DATABASE,SIMRS-DB-01,degraded,4500,2026-09-26 10:40:00,tcp://simrs-db.internal:5432,5432,0
DNS,DNS-01,running,4,2026-09-26 10:40:00,dns://dns-01.internal:53,53,0
FILE SERVER,FILE-01,running,14,2026-09-26 10:40:00,smb://file.internal:445,445,0
MONITORING,MONITOR-01,running,148,2026-09-26 10:40:00,http://monitor.internal:9090/-/healthy,9090,200
SIM-APOTEK,SIMRS-APP-01,running,131,2026-09-26 10:40:00,http://simrs.internal:8081/health,8081,200
SIMRS,SIMRS-APP-01,degraded,8000,2026-09-26 10:40:00,http://simrs.internal:8080/health,8080,503
DATABASE,SIMRS-DB-01,degraded,4500,2026-09-26 10:41:00,tcp://simrs-db.internal:5432,5432,0
DNS,DNS-01,running,10,2026-09-26 10:41:00,dns://dns-01.internal:53,53,0
FILE SERVER,FILE-01,running,7,2026-09-26 10:41:00,smb://file.internal:445,445,0
MONITORING,MONITOR-01,running,116,2026-09-26 10:41:00,http://monitor.internal:9090/-/healthy,9090,200
SIM-APOTEK,SIMRS-APP-01,running,96,2026-09-26 10:41:00,http://simrs.internal:8081/health,8081,200
SIMRS,SIMRS-APP-01,degraded,8000,2026-09-26 10:41:00,http://simrs.internal:8080/health,8080,503
DATABASE,SIMRS-DB-01,degraded,4500,2026-09-26 10:42:00,tcp://simrs-db.internal:5432,5432,0
DNS,DNS-01,running,13,2026-09-26 10:42:00,dns://dns-01.internal:53,53,0
FILE SERVER,FILE-01,running,5,2026-09-26 10:42:00,smb://file.internal:445,445,0
MONITORING,MONITOR-01,running,103,2026-09-26 10:42:00,http://monitor.internal:9090/-/healthy,9090,200
SIM-APOTEK,SIMRS-APP-01,running,126,2026-09-26 10:42:00,http://simrs.internal:8081/health,8081,200
SIMRS,SIMRS-APP-01,degraded,8000,2026-09-26 10:42:00,http://simrs.internal:8080/health,8080,503
DATABASE,SIMRS-DB-01,degraded,4500,2026-09-26 10:43:00,tcp://simrs-db.internal:5432,5432,0
DNS,DNS-01,running,3,2026-09-26 10:43:00,dns://dns-01.internal:53,53,0
FILE SERVER,FILE-01,running,12,2026-09-26 10:43:00,smb://file.internal:445,445,0
MONITORING,MONITOR-01,running,111,2026-09-26 10:43:00,http://monitor.internal:9090/-/healthy,9090,200
SIM-APOTEK,SIMRS-APP-01,running,125,2026-09-26 10:43:00,http://simrs.internal:8081/health,8081,200
SIMRS,SIMRS-APP-01,degraded,8000,2026-09-26 10:43:00,http://simrs.internal:8080/health,8080,503
DATABASE,SIMRS-DB-01,degraded,4500,2026-09-26 10:44:00,tcp://simrs-db.internal:5432,5432,0
DNS,DNS-01,running,10,2026-09-26 10:44:00,dns://dns-01.internal:53,53,0
FILE SERVER,FILE-01,running,7,2026-09-26 10:44:00,smb://file.internal:445,445,0
MONITORING,MONITOR-01,running,100,2026-09-26 10:44:00,http://monitor.internal:9090/-/healthy,9090,200
SIM-APOTEK,SIMRS-APP-01,running,145,2026-09-26 10:44:00,http://simrs.internal:8081/health,8081,200
SIMRS,SIMRS-APP-01,degraded,8000,2026-09-26 10:44:00,http://simrs.internal:8080/health,8080,503
DATABASE,SIMRS-DB-01,degraded,4500,2026-09-26 10:45:00,tcp://simrs-db.internal:5432,5432,0
DNS,DNS-01,running,4,2026-09-26 10:45:00,dns://dns-01.internal:53,53,0
FILE SERVER,FILE-01,running,13,2026-09-26 10:45:00,smb://file.internal:445,445,0
MONITORING,MONITOR-01,running,146,2026-09-26 10:45:00,http://monitor.internal:9090/-/healthy,9090,200
SIM-APOTEK,SIMRS-APP-01,running,108,2026-09-26 10:45:00,http://simrs.internal:8081/health,8081,200
SIMRS,SIMRS-APP-01,degraded,8000,2026-09-26 10:45:00,http://simrs.internal:8080/health,8080,503
DATABASE,SIMRS-DB-01,degraded,4500,2026-09-26 10:46:00,tcp://simrs-db.internal:5432,5432,0
DNS,DNS-01,running,3,2026-09-26 10:46:00,dns://dns-01.internal:53,53,0
FILE SERVER,FILE-01,running,8,2026-09-26 10:46:00,smb://file.internal:445,445,0
MONITORING,MONITOR-01,running,91,2026-09-26 10:46:00,http://monitor.internal:9090/-/healthy,9090,200
SIM-APOTEK,SIMRS-APP-01,running,103,2026-09-26 10:46:00,http://simrs.internal:8081/health,8081,200
SIMRS,SIMRS-APP-01,degraded,8000,2026-09-26 10:46:00,http://simrs.internal:8080/health,8080,503
DATABASE,SIMRS-DB-01,degraded,4500,2026-09-26 10:47:00,tcp://simrs-db.internal:5432,5432,0
DNS,DNS-01,running,4,2026-09-26 10:47:00,dns://dns-01.internal:53,53,0
FILE SERVER,FILE-01,running,14,2026-09-26 10:47:00,smb://file.internal:445,445,0
MONITORING,MONITOR-01,running,125,2026-09-26 10:47:00,http://monitor.internal:9090/-/healthy,9090,200
SIM-APOTEK,SIMRS-APP-01,running,125,2026-09-26 10:47:00,http://simrs.internal:8081/health,8081,200
SIMRS,SIMRS-APP-01,degraded,8000,2026-09-26 10:47:00,http://simrs.internal:8080/health,8080,503
DATABASE,SIMRS-DB-01,degraded,4500,2026-09-26 10:48:00,tcp://simrs-db.internal:5432,5432,0
DNS,DNS-01,running,4,2026-09-26 10:48:00,dns://dns-01.internal:53,53,0
FILE SERVER,FILE-01,running,8,2026-09-26 10:48:00,smb://file.internal:445,445,0
MONITORING,MONITOR-01,running,101,2026-09-26 10:48:00,http://monitor.internal:9090/-/healthy,9090,200
SIM-APOTEK,SIMRS-APP-01,running,147,2026-09-26 10:48:00,http://simrs.internal:8081/health,8081,200
SIMRS,SIMRS-APP-01,degraded,8000,2026-09-26 10:48:00,http://simrs.internal:8080/health,8080,503
DATABASE,SIMRS-DB-01,degraded,4500,2026-09-26 10:49:00,tcp://simrs-db.internal:5432,5432,0
DNS,DNS-01,running,8,2026-09-26 10:49:00,dns://dns-01.internal:53,53,0
FILE SERVER,FILE-01,running,8,2026-09-26 10:49:00,smb://file.internal:445,445,0
MONITORING,MONITOR-01,running,96,2026-09-26 10:49:00,http://monitor.internal:9090/-/healthy,9090,200
SIM-APOTEK,SIMRS-APP-01,running,90,2026-09-26 10:49:00,http://simrs.internal:8081/health,8081,200
SIMRS,SIMRS-APP-01,degraded,8000,2026-09-26 10:49:00,http://simrs.internal:8080/health,8080,503
DATABASE,SIMRS-DB-01,degraded,4500,2026-09-26 10:50:00,tcp://simrs-db.internal:5432,5432,0
DNS,DNS-01,running,8,2026-09-26 10:50:00,dns://dns-01.internal:53,53,0
FILE SERVER,FILE-01,running,10,2026-09-26 10:50:00,smb://file.internal:445,445,0
MONITORING,MONITOR-01,running,143,2026-09-26 10:50:00,http://monitor.internal:9090/-/healthy,9090,200
SIM-APOTEK,SIMRS-APP-01,running,105,2026-09-26 10:50:00,http://simrs.internal:8081/health,8081,200
SIMRS,SIMRS-APP-01,degraded,8000,2026-09-26 10:50:00,http://simrs.internal:8080/health,8080,503
DATABASE,SIMRS-DB-01,degraded,4500,2026-09-26 10:51:00,tcp://simrs-db.internal:5432,5432,0
DNS,DNS-01,running,4,2026-09-26 10:51:00,dns://dns-01.internal:53,53,0
FILE SERVER,FILE-01,running,9,2026-09-26 10:51:00,smb://file.internal:445,445,0
MONITORING,MONITOR-01,running,113,2026-09-26 10:51:00,http://monitor.internal:9090/-/healthy,9090,200
SIM-APOTEK,SIMRS-APP-01,running,140,2026-09-26 10:51:00,http://simrs.internal:8081/health,8081,200
SIMRS,SIMRS-APP-01,degraded,8000,2026-09-26 10:51:00,http://simrs.internal:8080/health,8080,503
DATABASE,SIMRS-DB-01,degraded,4500,2026-09-26 10:52:00,tcp://simrs-db.internal:5432,5432,0
DNS,DNS-01,running,14,2026-09-26 10:52:00,dns://dns-01.internal:53,53,0
FILE SERVER,FILE-01,running,5,2026-09-26 10:52:00,smb://file.internal:445,445,0
MONITORING,MONITOR-01,running,142,2026-09-26 10:52:00,http://monitor.internal:9090/-/healthy,9090,200
SIM-APOTEK,SIMRS-APP-01,running,105,2026-09-26 10:52:00,http://simrs.internal:8081/health,8081,200
SIMRS,SIMRS-APP-01,degraded,8000,2026-09-26 10:52:00,http://simrs.internal:8080/health,8080,503
DATABASE,SIMRS-DB-01,degraded,4500,2026-09-26 10:53:00,tcp://simrs-db.internal:5432,5432,0
DNS,DNS-01,running,12,2026-09-26 10:53:00,dns://dns-01.internal:53,53,0
FILE SERVER,FILE-01,running,13,2026-09-26 10:53:00,smb://file.internal:445,445,0
MONITORING,MONITOR-01,running,94,2026-09-26 10:53:00,http://monitor.internal:9090/-/healthy,9090,200
SIM-APOTEK,SIMRS-APP-01,running,102,2026-09-26 10:53:00,http://simrs.internal:8081/health,8081,200
SIMRS,SIMRS-APP-01,degraded,8000,2026-09-26 10:53:00,http://simrs.internal:8080/health,8080,503
DATABASE,SIMRS-DB-01,degraded,4500,2026-09-26 10:54:00,tcp://simrs-db.internal:5432,5432,0
DNS,DNS-01,running,5,2026-09-26 10:54:00,dns://dns-01.internal:53,53,0
FILE SERVER,FILE-01,running,12,2026-09-26 10:54:00,smb://file.internal:445,445,0
MONITORING,MONITOR-01,running,105,2026-09-26 10:54:00,http://monitor.internal:9090/-/healthy,9090,200
SIM-APOTEK,SIMRS-APP-01,running,129,2026-09-26 10:54:00,http://simrs.internal:8081/health,8081,200
SIMRS,SIMRS-APP-01,degraded,8000,2026-09-26 10:54:00,http://simrs.internal:8080/health,8080,503
DATABASE,SIMRS-DB-01,degraded,4500,2026-09-26 10:55:00,tcp://simrs-db.internal:5432,5432,0
DNS,DNS-01,running,7,2026-09-26 10:55:00,dns://dns-01.internal:53,53,0
FILE SERVER,FILE-01,running,7,2026-09-26 10:55:00,smb://file.internal:445,445,0
MONITORING,MONITOR-01,running,119,2026-09-26 10:55:00,http://monitor.internal:9090/-/healthy,9090,200
SIM-APOTEK,SIMRS-APP-01,running,93,2026-09-26 10:55:00,http://simrs.internal:8081/health,8081,200
SIMRS,SIMRS-APP-01,degraded,8000,2026-09-26 10:55:00,http://simrs.internal:8080/health,8080,503
DATABASE,SIMRS-DB-01,degraded,4500,2026-09-26 10:56:00,tcp://simrs-db.internal:5432,5432,0
DNS,DNS-01,running,4,2026-09-26 10:56:00,dns://dns-01.internal:53,53,0
FILE SERVER,FILE-01,running,3,2026-09-26 10:56:00,smb://file.internal:445,445,0
MONITORING,MONITOR-01,running,147,2026-09-26 10:56:00,http://monitor.internal:9090/-/healthy,9090,200
SIM-APOTEK,SIMRS-APP-01,running,130,2026-09-26 10:56:00,http://simrs.internal:8081/health,8081,200
SIMRS,SIMRS-APP-01,degraded,8000,2026-09-26 10:56:00,http://simrs.internal:8080/health,8080,503
DATABASE,SIMRS-DB-01,degraded,4500,2026-09-26 10:57:00,tcp://simrs-db.internal:5432,5432,0
DNS,DNS-01,running,7,2026-09-26 10:57:00,dns://dns-01.internal:53,53,0
FILE SERVER,FILE-01,running,12,2026-09-26 10:57:00,smb://file.internal:445,445,0
MONITORING,MONITOR-01,running,113,2026-09-26 10:57:00,http://monitor.internal:9090/-/healthy,9090,200
SIM-APOTEK,SIMRS-APP-01,running,130,2026-09-26 10:57:00,http://simrs.internal:8081/health,8081,200
SIMRS,SIMRS-APP-01,degraded,8000,2026-09-26 10:57:00,http://simrs.internal:8080/health,8080,503
DATABASE,SIMRS-DB-01,degraded,4500,2026-09-26 10:58:00,tcp://simrs-db.internal:5432,5432,0
DNS,DNS-01,running,8,2026-09-26 10:58:00,dns://dns-01.internal:53,53,0
FILE SERVER,FILE-01,running,13,2026-09-26 10:58:00,smb://file.internal:445,445,0
MONITORING,MONITOR-01,running,140,2026-09-26 10:58:00,http://monitor.internal:9090/-/healthy,9090,200
SIM-APOTEK,SIMRS-APP-01,running,102,2026-09-26 10:58:00,http://simrs.internal:8081/health,8081,200
SIMRS,SIMRS-APP-01,degraded,8000,2026-09-26 10:58:00,http://simrs.internal:8080/health,8080,503
DATABASE,SIMRS-DB-01,degraded,4500,2026-09-26 10:59:00,tcp://simrs-db.internal:5432,5432,0
DNS,DNS-01,running,12,2026-09-26 10:59:00,dns://dns-01.internal:53,53,0
FILE SERVER,FILE-01,running,8,2026-09-26 10:59:00,smb://file.internal:445,445,0
MONITORING,MONITOR-01,running,94,2026-09-26 10:59:00,http://monitor.internal:9090/-/healthy,9090,200
SIM-APOTEK,SIMRS-APP-01,running,105,2026-09-26 10:59:00,http://simrs.internal:8081/health,8081,200
SIMRS,SIMRS-APP-01,degraded,8000,2026-09-26 10:59:00,http://simrs.internal:8080/health,8080,503
DATABASE,SIMRS-DB-01,running,9,2026-09-26 11:00:00,tcp://simrs-db.internal:5432,5432,0
DATABASE,SIMRS-DB-01,degraded,4500,2026-09-26 11:00:00,tcp://simrs-db.internal:5432,5432,0
DNS,DNS-01,running,10,2026-09-26 11:00:00,dns://dns-01.internal:53,53,0
DNS,DNS-01,running,5,2026-09-26 11:00:00,dns://dns-01.internal:53,53,0
FILE SERVER,FILE-01,running,9,2026-09-26 11:00:00,smb://file.internal:445,445,0
FILE SERVER,FILE-01,running,6,2026-09-26 11:00:00,smb://file.internal:445,445,0
MONITORING,MONITOR-01,running,119,2026-09-26 11:00:00,http://monitor.internal:9090/-/healthy,9090,200
MONITORING,MONITOR-01,running,147,2026-09-26 11:00:00,http://monitor.internal:9090/-/healthy,9090,200
SIM-APOTEK,SIMRS-APP-01,running,110,2026-09-26 11:00:00,http://simrs.internal:8081/health,8081,200
SIM-APOTEK,SIMRS-APP-01,running,148,2026-09-26 11:00:00,http://simrs.internal:8081/health,8081,200
SIMRS,SIMRS-APP-01,running,140,2026-09-26 11:00:00,http://simrs.internal:8080/health,8080,200
SIMRS,SIMRS-APP-01,degraded,8000,2026-09-26 11:00:00,http://simrs.internal:8080/health,8080,503
DATABASE,SIMRS-DB-01,degraded,4500,2026-09-26 11:01:00,tcp://simrs-db.internal:5432,5432,0
DNS,DNS-01,running,4,2026-09-26 11:01:00,dns://dns-01.internal:53,53,0
FILE SERVER,FILE-01,running,12,2026-09-26 11:01:00,smb://file.internal:445,445,0
MONITORING,MONITOR-01,running,114,2026-09-26 11:01:00,http://monitor.internal:9090/-/healthy,9090,200
SIM-APOTEK,SIMRS-APP-01,running,121,2026-09-26 11:01:00,http://simrs.internal:8081/health,8081,200
SIMRS,SIMRS-APP-01,degraded,8000,2026-09-26 11:01:00,http://simrs.internal:8080/health,8080,503
DATABASE,SIMRS-DB-01,degraded,4500,2026-09-26 11:02:00,tcp://simrs-db.internal:5432,5432,0
DNS,DNS-01,running,13,2026-09-26 11:02:00,dns://dns-01.internal:53,53,0
FILE SERVER,FILE-01,running,12,2026-09-26 11:02:00,smb://file.internal:445,445,0
MONITORING,MONITOR-01,running,103,2026-09-26 11:02:00,http://monitor.internal:9090/-/healthy,9090,200
SIM-APOTEK,SIMRS-APP-01,running,90,2026-09-26 11:02:00,http://simrs.internal:8081/health,8081,200
SIMRS,SIMRS-APP-01,degraded,8000,2026-09-26 11:02:00,http://simrs.internal:8080/health,8080,503
DATABASE,SIMRS-DB-01,running,8,2026-09-26 11:03:00,tcp://simrs-db.internal:5432,5432,0
DNS,DNS-01,running,9,2026-09-26 11:03:00,dns://dns-01.internal:53,53,0
FILE SERVER,FILE-01,running,6,2026-09-26 11:03:00,smb://file.internal:445,445,0
MONITORING,MONITOR-01,running,144,2026-09-26 11:03:00,http://monitor.internal:9090/-/healthy,9090,200
SIM-APOTEK,SIMRS-APP-01,running,123,2026-09-26 11:03:00,http://simrs.internal:8081/health,8081,200
SIMRS,SIMRS-APP-01,running,150,2026-09-26 11:03:00,http://simrs.internal:8080/health,8080,200
DATABASE,SIMRS-DB-01,running,5,2026-09-26 11:04:00,tcp://simrs-db.internal:5432,5432,0
DNS,DNS-01,running,6,2026-09-26 11:04:00,dns://dns-01.internal:53,53,0
FILE SERVER,FILE-01,running,5,2026-09-26 11:04:00,smb://file.internal:445,445,0
MONITORING,MONITOR-01,running,104,2026-09-26 11:04:00,http://monitor.internal:9090/-/healthy,9090,200
SIM-APOTEK,SIMRS-APP-01,running,113,2026-09-26 11:04:00,http://simrs.internal:8081/health,8081,200
SIMRS,SIMRS-APP-01,running,126,2026-09-26 11:04:00,http://simrs.internal:8080/health,8080,200
DATABASE,SIMRS-DB-01,running,4,2026-09-26 11:05:00,tcp://simrs-db.internal:5432,5432,0
DNS,DNS-01,running,4,2026-09-26 11:05:00,dns://dns-01.internal:53,53,0
FILE SERVER,FILE-01,running,5,2026-09-26 11:05:00,smb://file.internal:445,445,0
MONITORING,MONITOR-01,running,139,2026-09-26 11:05:00,http://monitor.internal:9090/-/healthy,9090,200
SIM-APOTEK,SIMRS-APP-01,running,116,2026-09-26 11:05:00,http://simrs.internal:8081/health,8081,200
SIMRS,SIMRS-APP-01,running,150,2026-09-26 11:05:00,http://simrs.internal:8080/health,8080,200
DATABASE,SIMRS-DB-01,running,6,2026-09-26 11:06:00,tcp://simrs-db.internal:5432,5432,0
DNS,DNS-01,running,13,2026-09-26 11:06:00,dns://dns-01.internal:53,53,0
FILE SERVER,FILE-01,running,10,2026-09-26 11:06:00,smb://file.internal:445,445,0
MONITORING,MONITOR-01,running,135,2026-09-26 11:06:00,http://monitor.internal:9090/-/healthy,9090,200
SIM-APOTEK,SIMRS-APP-01,running,102,2026-09-26 11:06:00,http://simrs.internal:8081/health,8081,200
SIMRS,SIMRS-APP-01,running,137,2026-09-26 11:06:00,http://simrs.internal:8080/health,8080,200
DATABASE,SIMRS-DB-01,running,5,2026-09-26 11:07:00,tcp://simrs-db.internal:5432,5432,0
DNS,DNS-01,running,6,2026-09-26 11:07:00,dns://dns-01.internal:53,53,0
FILE SERVER,FILE-01,running,3,2026-09-26 11:07:00,smb://file.internal:445,445,0
MONITORING,MONITOR-01,running,133,2026-09-26 11:07:00,http://monitor.internal:9090/-/healthy,9090,200
SIM-APOTEK,SIMRS-APP-01,running,122,2026-09-26 11:07:00,http://simrs.internal:8081/health,8081,200
SIMRS,SIMRS-APP-01,running,150,2026-09-26 11:07:00,http://simrs.internal:8080/health,8080,200
DATABASE,SIMRS-DB-01,running,12,2026-09-26 11:08:00,tcp://simrs-db.internal:5432,5432,0
DNS,DNS-01,running,7,2026-09-26 11:08:00,dns://dns-01.internal:53,53,0
FILE SERVER,FILE-01,running,12,2026-09-26 11:08:00,smb://file.internal:445,445,0
MONITORING,MONITOR-01,running,135,2026-09-26 11:08:00,http://monitor.internal:9090/-/healthy,9090,200
SIM-APOTEK,SIMRS-APP-01,running,112,2026-09-26 11:08:00,http://simrs.internal:8081/health,8081,200
SIMRS,SIMRS-APP-01,running,123,2026-09-26 11:08:00,http://simrs.internal:8080/health,8080,200
DATABASE,SIMRS-DB-01,running,4,2026-09-26 11:09:00,tcp://simrs-db.internal:5432,5432,0
DNS,DNS-01,running,14,2026-09-26 11:09:00,dns://dns-01.internal:53,53,0
FILE SERVER,FILE-01,running,7,2026-09-26 11:09:00,smb://file.internal:445,445,0
MONITORING,MONITOR-01,running,125,2026-09-26 11:09:00,http://monitor.internal:9090/-/healthy,9090,200
SIM-APOTEK,SIMRS-APP-01,running,124,2026-09-26 11:09:00,http://simrs.internal:8081/health,8081,200
SIMRS,SIMRS-APP-01,running,109,2026-09-26 11:09:00,http://simrs.internal:8080/health,8080,200
DATABASE,SIMRS-DB-01,running,8,2026-09-26 11:10:00,tcp://simrs-db.internal:5432,5432,0
DNS,DNS-01,running,8,2026-09-26 11:10:00,dns://dns-01.internal:53,53,0
FILE SERVER,FILE-01,running,3,2026-09-26 11:10:00,smb://file.internal:445,445,0
MONITORING,MONITOR-01,running,112,2026-09-26 11:10:00,http://monitor.internal:9090/-/healthy,9090,200
SIM-APOTEK,SIMRS-APP-01,running,119,2026-09-26 11:10:00,http://simrs.internal:8081/health,8081,200
SIMRS,SIMRS-APP-01,running,95,2026-09-26 11:10:00,http://simrs.internal:8080/health,8080,200
DATABASE,SIMRS-DB-01,running,8,2026-09-26 11:11:00,tcp://simrs-db.internal:5432,5432,0
DNS,DNS-01,running,7,2026-09-26 11:11:00,dns://dns-01.internal:53,53,0
FILE SERVER,FILE-01,running,9,2026-09-26 11:11:00,smb://file.internal:445,445,0
MONITORING,MONITOR-01,running,145,2026-09-26 11:11:00,http://monitor.internal:9090/-/healthy,9090,200
SIM-APOTEK,SIMRS-APP-01,running,114,2026-09-26 11:11:00,http://simrs.internal:8081/health,8081,200
SIMRS,SIMRS-APP-01,running,106,2026-09-26 11:11:00,http://simrs.internal:8080/health,8080,200
DATABASE,SIMRS-DB-01,running,9,2026-09-26 11:12:00,tcp://simrs-db.internal:5432,5432,0
DNS,DNS-01,running,8,2026-09-26 11:12:00,dns://dns-01.internal:53,53,0
FILE SERVER,FILE-01,running,13,2026-09-26 11:12:00,smb://file.internal:445,445,0
MONITORING,MONITOR-01,running,142,2026-09-26 11:12:00,http://monitor.internal:9090/-/healthy,9090,200
SIM-APOTEK,SIMRS-APP-01,running,123,2026-09-26 11:12:00,http://simrs.internal:8081/health,8081,200
SIMRS,SIMRS-APP-01,running,98,2026-09-26 11:12:00,http://simrs.internal:8080/health,8080,200
DATABASE,SIMRS-DB-01,running,13,2026-09-26 11:13:00,tcp://simrs-db.internal:5432,5432,0
DNS,DNS-01,running,6,2026-09-26 11:13:00,dns://dns-01.internal:53,53,0
FILE SERVER,FILE-01,running,3,2026-09-26 11:13:00,smb://file.internal:445,445,0
MONITORING,MONITOR-01,running,116,2026-09-26 11:13:00,http://monitor.internal:9090/-/healthy,9090,200
SIM-APOTEK,SIMRS-APP-01,running,114,2026-09-26 11:13:00,http://simrs.internal:8081/health,8081,200
SIMRS,SIMRS-APP-01,running,130,2026-09-26 11:13:00,http://simrs.internal:8080/health,8080,200
DATABASE,SIMRS-DB-01,running,13,2026-09-26 11:14:00,tcp://simrs-db.internal:5432,5432,0
DNS,DNS-01,running,11,2026-09-26 11:14:00,dns://dns-01.internal:53,53,0
FILE SERVER,FILE-01,running,10,2026-09-26 11:14:00,smb://file.internal:445,445,0
MONITORING,MONITOR-01,running,108,2026-09-26 11:14:00,http://monitor.internal:9090/-/healthy,9090,200
SIM-APOTEK,SIMRS-APP-01,running,111,2026-09-26 11:14:00,http://simrs.internal:8081/health,8081,200
SIMRS,SIMRS-APP-01,running,94,2026-09-26 11:14:00,http://simrs.internal:8080/health,8080,200
DATABASE,SIMRS-DB-01,running,5,2026-09-26 11:15:00,tcp://simrs-db.internal:5432,5432,0
DNS,DNS-01,running,9,2026-09-26 11:15:00,dns://dns-01.internal:53,53,0
FILE SERVER,FILE-01,running,9,2026-09-26 11:15:00,smb://file.internal:445,445,0
MONITORING,MONITOR-01,running,136,2026-09-26 11:15:00,http://monitor.internal:9090/-/healthy,9090,200
SIM-APOTEK,SIMRS-APP-01,running,142,2026-09-26 11:15:00,http://simrs.internal:8081/health,8081,200
SIMRS,SIMRS-APP-01,running,137,2026-09-26 11:15:00,http://simrs.internal:8080/health,8080,200
DATABASE,SIMRS-DB-01,running,12,2026-09-26 12:00:00,tcp://simrs-db.internal:5432,5432,0
DNS,DNS-01,running,5,2026-09-26 12:00:00,dns://dns-01.internal:53,53,0
FILE SERVER,FILE-01,running,7,2026-09-26 12:00:00,smb://file.internal:445,445,0
MONITORING,MONITOR-01,running,118,2026-09-26 12:00:00,http://monitor.internal:9090/-/healthy,9090,200
SIM-APOTEK,SIMRS-APP-01,running,140,2026-09-26 12:00:00,http://simrs.internal:8081/health,8081,200
SIMRS,SIMRS-APP-01,running,137,2026-09-26 12:00:00,http://simrs.internal:8080/health,8080,200
DATABASE,SIMRS-DB-01,running,12,2026-09-26 13:00:00,tcp://simrs-db.internal:5432,5432,0
DNS,DNS-01,running,14,2026-09-26 13:00:00,dns://dns-01.internal:53,53,0
FILE SERVER,FILE-01,running,3,2026-09-26 13:00:00,smb://file.internal:445,445,0
MONITORING,MONITOR-01,running,126,2026-09-26 13:00:00,http://monitor.internal:9090/-/healthy,9090,200
SIM-APOTEK,SIMRS-APP-01,running,122,2026-09-26 13:00:00,http://simrs.internal:8081/health,8081,200
SIMRS,SIMRS-APP-01,running,105,2026-09-26 13:00:00,http://simrs.internal:8080/health,8080,200
DATABASE,SIMRS-DB-01,running,5,2026-09-26 14:00:00,tcp://simrs-db.internal:5432,5432,0
DNS,DNS-01,running,8,2026-09-26 14:00:00,dns://dns-01.internal:53,53,0
FILE SERVER,FILE-01,running,14,2026-09-26 14:00:00,smb://file.internal:445,445,0
MONITORING,MONITOR-01,running,128,2026-09-26 14:00:00,http://monitor.internal:9090/-/healthy,9090,200
SIM-APOTEK,SIMRS-APP-01,running,98,2026-09-26 14:00:00,http://simrs.internal:8081/health,8081,200
SIMRS,SIMRS-APP-01,running,127,2026-09-26 14:00:00,http://simrs.internal:8080/health,8080,200
DATABASE,SIMRS-DB-01,running,13,2026-09-26 15:00:00,tcp://simrs-db.internal:5432,5432,0
DNS,DNS-01,running,11,2026-09-26 15:00:00,dns://dns-01.internal:53,53,0
FILE SERVER,FILE-01,running,10,2026-09-26 15:00:00,smb://file.internal:445,445,0
MONITORING,MONITOR-01,running,117,2026-09-26 15:00:00,http://monitor.internal:9090/-/healthy,9090,200
SIM-APOTEK,SIMRS-APP-01,running,137,2026-09-26 15:00:00,http://simrs.internal:8081/health,8081,200
SIMRS,SIMRS-APP-01,running,122,2026-09-26 15:00:00,http://simrs.internal:8080/health,8080,200
DATABASE,SIMRS-DB-01,running,14,2026-09-26 16:00:00,tcp://simrs-db.internal:5432,5432,0
DNS,DNS-01,running,13,2026-09-26 16:00:00,dns://dns-01.internal:53,53,0
FILE SERVER,FILE-01,running,12,2026-09-26 16:00:00,smb://file.internal:445,445,0
MONITORING,MONITOR-01,running,104,2026-09-26 16:00:00,http://monitor.internal:9090/-/healthy,9090,200
SIM-APOTEK,SIMRS-APP-01,running,110,2026-09-26 16:00:00,http://simrs.internal:8081/health,8081,200
SIMRS,SIMRS-APP-01,running,134,2026-09-26 16:00:00,http://simrs.internal:8080/health,8080,200
DATABASE,SIMRS-DB-01,running,13,2026-09-26 17:00:00,tcp://simrs-db.internal:5432,5432,0
DNS,DNS-01,running,9,2026-09-26 17:00:00,dns://dns-01.internal:53,53,0
FILE SERVER,FILE-01,running,11,2026-09-26 17:00:00,smb://file.internal:445,445,0
MONITORING,MONITOR-01,running,92,2026-09-26 17:00:00,http://monitor.internal:9090/-/healthy,9090,200
SIM-APOTEK,SIMRS-APP-01,running,146,2026-09-26 17:00:00,http://simrs.internal:8081/health,8081,200
SIMRS,SIMRS-APP-01,running,105,2026-09-26 17:00:00,http://simrs.internal:8080/health,8080,200
DATABASE,SIMRS-DB-01,running,13,2026-09-26 18:00:00,tcp://simrs-db.internal:5432,5432,0
DNS,DNS-01,running,14,2026-09-26 18:00:00,dns://dns-01.internal:53,53,0
FILE SERVER,FILE-01,running,6,2026-09-26 18:00:00,smb://file.internal:445,445,0
MONITORING,MONITOR-01,running,93,2026-09-26 18:00:00,http://monitor.internal:9090/-/healthy,9090,200
SIM-APOTEK,SIMRS-APP-01,running,118,2026-09-26 18:00:00,http://simrs.internal:8081/health,8081,200
SIMRS,SIMRS-APP-01,running,108,2026-09-26 18:00:00,http://simrs.internal:8080/health,8080,200
DATABASE,SIMRS-DB-01,running,9,2026-09-26 19:00:00,tcp://simrs-db.internal:5432,5432,0
DNS,DNS-01,running,7,2026-09-26 19:00:00,dns://dns-01.internal:53,53,0
FILE SERVER,FILE-01,running,10,2026-09-26 19:00:00,smb://file.internal:445,445,0
MONITORING,MONITOR-01,running,129,2026-09-26 19:00:00,http://monitor.internal:9090/-/healthy,9090,200
SIM-APOTEK,SIMRS-APP-01,running,101,2026-09-26 19:00:00,http://simrs.internal:8081/health,8081,200
SIMRS,SIMRS-APP-01,running,127,2026-09-26 19:00:00,http://simrs.internal:8080/health,8080,200
DATABASE,SIMRS-DB-01,running,8,2026-09-26 20:00:00,tcp://simrs-db.internal:5432,5432,0
DNS,DNS-01,running,6,2026-09-26 20:00:00,dns://dns-01.internal:53,53,0
FILE SERVER,FILE-01,running,4,2026-09-26 20:00:00,smb://file.internal:445,445,0
MONITORING,MONITOR-01,running,98,2026-09-26 20:00:00,http://monitor.internal:9090/-/healthy,9090,200
SIM-APOTEK,SIMRS-APP-01,running,129,2026-09-26 20:00:00,http://simrs.internal:8081/health,8081,200
SIMRS,SIMRS-APP-01,running,144,2026-09-26 20:00:00,http://simrs.internal:8080/health,8080,200
DATABASE,SIMRS-DB-01,running,9,2026-09-26 21:00:00,tcp://simrs-db.internal:5432,5432,0
DNS,DNS-01,running,14,2026-09-26 21:00:00,dns://dns-01.internal:53,53,0
FILE SERVER,FILE-01,running,3,2026-09-26 21:00:00,smb://file.internal:445,445,0
MONITORING,MONITOR-01,running,96,2026-09-26 21:00:00,http://monitor.internal:9090/-/healthy,9090,200
SIM-APOTEK,SIMRS-APP-01,running,143,2026-09-26 21:00:00,http://simrs.internal:8081/health,8081,200
SIMRS,SIMRS-APP-01,running,128,2026-09-26 21:00:00,http://simrs.internal:8080/health,8080,200
DATABASE,SIMRS-DB-01,running,4,2026-09-26 22:00:00,tcp://simrs-db.internal:5432,5432,0
DNS,DNS-01,running,9,2026-09-26 22:00:00,dns://dns-01.internal:53,53,0
FILE SERVER,FILE-01,running,13,2026-09-26 22:00:00,smb://file.internal:445,445,0
MONITORING,MONITOR-01,running,107,2026-09-26 22:00:00,http://monitor.internal:9090/-/healthy,9090,200
SIM-APOTEK,SIMRS-APP-01,running,104,2026-09-26 22:00:00,http://simrs.internal:8081/health,8081,200
SIMRS,SIMRS-APP-01,running,121,2026-09-26 22:00:00,http://simrs.internal:8080/health,8080,200
DATABASE,SIMRS-DB-01,running,3,2026-09-26 23:00:00,tcp://simrs-db.internal:5432,5432,0
DNS,DNS-01,running,6,2026-09-26 23:00:00,dns://dns-01.internal:53,53,0
FILE SERVER,FILE-01,running,14,2026-09-26 23:00:00,smb://file.internal:445,445,0
MONITORING,MONITOR-01,running,140,2026-09-26 23:00:00,http://monitor.internal:9090/-/healthy,9090,200
SIM-APOTEK,SIMRS-APP-01,running,102,2026-09-26 23:00:00,http://simrs.internal:8081/health,8081,200
SIMRS,SIMRS-APP-01,running,131,2026-09-26 23:00:00,http://simrs.internal:8080/health,8080,200
DATABASE,SIMRS-DB-01,running,13,2026-09-27 00:00:00,tcp://simrs-db.internal:5432,5432,0
DNS,DNS-01,running,5,2026-09-27 00:00:00,dns://dns-01.internal:53,53,0
FILE SERVER,FILE-01,running,10,2026-09-27 00:00:00,smb://file.internal:445,445,0
MONITORING,MONITOR-01,running,113,2026-09-27 00:00:00,http://monitor.internal:9090/-/healthy,9090,200
SIM-APOTEK,SIMRS-APP-01,running,122,2026-09-27 00:00:00,http://simrs.internal:8081/health,8081,200
SIMRS,SIMRS-APP-01,running,138,2026-09-27 00:00:00,http://simrs.internal:8080/health,8080,200
DATABASE,SIMRS-DB-01,running,9,2026-09-27 01:00:00,tcp://simrs-db.internal:5432,5432,0
DNS,DNS-01,running,5,2026-09-27 01:00:00,dns://dns-01.internal:53,53,0
FILE SERVER,FILE-01,running,11,2026-09-27 01:00:00,smb://file.internal:445,445,0
MONITORING,MONITOR-01,running,147,2026-09-27 01:00:00,http://monitor.internal:9090/-/healthy,9090,200
SIM-APOTEK,SIMRS-APP-01,running,94,2026-09-27 01:00:00,http://simrs.internal:8081/health,8081,200
SIMRS,SIMRS-APP-01,running,114,2026-09-27 01:00:00,http://simrs.internal:8080/health,8080,200
DATABASE,SIMRS-DB-01,running,5,2026-09-27 02:00:00,tcp://simrs-db.internal:5432,5432,0
DNS,DNS-01,running,11,2026-09-27 02:00:00,dns://dns-01.internal:53,53,0
FILE SERVER,FILE-01,running,6,2026-09-27 02:00:00,smb://file.internal:445,445,0
MONITORING,MONITOR-01,running,98,2026-09-27 02:00:00,http://monitor.internal:9090/-/healthy,9090,200
SIM-APOTEK,SIMRS-APP-01,running,115,2026-09-27 02:00:00,http://simrs.internal:8081/health,8081,200
SIMRS,SIMRS-APP-01,running,128,2026-09-27 02:00:00,http://simrs.internal:8080/health,8080,200
DATABASE,SIMRS-DB-01,running,12,2026-09-27 03:00:00,tcp://simrs-db.internal:5432,5432,0
DNS,DNS-01,running,10,2026-09-27 03:00:00,dns://dns-01.internal:53,53,0
FILE SERVER,FILE-01,running,8,2026-09-27 03:00:00,smb://file.internal:445,445,0
MONITORING,MONITOR-01,running,107,2026-09-27 03:00:00,http://monitor.internal:9090/-/healthy,9090,200
SIM-APOTEK,SIMRS-APP-01,running,136,2026-09-27 03:00:00,http://simrs.internal:8081/health,8081,200
SIMRS,SIMRS-APP-01,running,123,2026-09-27 03:00:00,http://simrs.internal:8080/health,8080,200
DATABASE,SIMRS-DB-01,running,4,2026-09-27 04:00:00,tcp://simrs-db.internal:5432,5432,0
DNS,DNS-01,running,10,2026-09-27 04:00:00,dns://dns-01.internal:53,53,0
FILE SERVER,FILE-01,running,4,2026-09-27 04:00:00,smb://file.internal:445,445,0
MONITORING,MONITOR-01,running,114,2026-09-27 04:00:00,http://monitor.internal:9090/-/healthy,9090,200
SIM-APOTEK,SIMRS-APP-01,running,113,2026-09-27 04:00:00,http://simrs.internal:8081/health,8081,200
SIMRS,SIMRS-APP-01,running,112,2026-09-27 04:00:00,http://simrs.internal:8080/health,8080,200
DATABASE,SIMRS-DB-01,running,8,2026-09-27 05:00:00,tcp://simrs-db.internal:5432,5432,0
DNS,DNS-01,running,6,2026-09-27 05:00:00,dns://dns-01.internal:53,53,0
FILE SERVER,FILE-01,running,8,2026-09-27 05:00:00,smb://file.internal:445,445,0
MONITORING,MONITOR-01,running,100,2026-09-27 05:00:00,http://monitor.internal:9090/-/healthy,9090,200
SIM-APOTEK,SIMRS-APP-01,running,142,2026-09-27 05:00:00,http://simrs.internal:8081/health,8081,200
SIMRS,SIMRS-APP-01,running,136,2026-09-27 05:00:00,http://simrs.internal:8080/health,8080,200
DATABASE,SIMRS-DB-01,running,12,2026-09-27 06:00:00,tcp://simrs-db.internal:5432,5432,0
DNS,DNS-01,running,7,2026-09-27 06:00:00,dns://dns-01.internal:53,53,0
FILE SERVER,FILE-01,running,3,2026-09-27 06:00:00,smb://file.internal:445,445,0
MONITORING,MONITOR-01,running,97,2026-09-27 06:00:00,http://monitor.internal:9090/-/healthy,9090,200
SIM-APOTEK,SIMRS-APP-01,running,103,2026-09-27 06:00:00,http://simrs.internal:8081/health,8081,200
SIMRS,SIMRS-APP-01,running,124,2026-09-27 06:00:00,http://simrs.internal:8080/health,8080,200
DATABASE,SIMRS-DB-01,running,11,2026-09-27 07:00:00,tcp://simrs-db.internal:5432,5432,0
DNS,DNS-01,running,12,2026-09-27 07:00:00,dns://dns-01.internal:53,53,0
FILE SERVER,FILE-01,running,6,2026-09-27 07:00:00,smb://file.internal:445,445,0
MONITORING,MONITOR-01,running,122,2026-09-27 07:00:00,http://monitor.internal:9090/-/healthy,9090,200
SIM-APOTEK,SIMRS-APP-01,running,129,2026-09-27 07:00:00,http://simrs.internal:8081/health,8081,200
SIMRS,SIMRS-APP-01,running,115,2026-09-27 07:00:00,http://simrs.internal:8080/health,8080,200
DATABASE,SIMRS-DB-01,running,6,2026-09-27 08:00:00,tcp://simrs-db.internal:5432,5432,0
DNS,DNS-01,running,7,2026-09-27 08:00:00,dns://dns-01.internal:53,53,0
FILE SERVER,FILE-01,running,4,2026-09-27 08:00:00,smb://file.internal:445,445,0
MONITORING,MONITOR-01,running,147,2026-09-27 08:00:00,http://monitor.internal:9090/-/healthy,9090,200
SIM-APOTEK,SIMRS-APP-01,running,113,2026-09-27 08:00:00,http://simrs.internal:8081/health,8081,200
SIMRS,SIMRS-APP-01,running,129,2026-09-27 08:00:00,http://simrs.internal:8080/health,8080,200
DATABASE,SIMRS-DB-01,running,5,2026-09-27 09:00:00,tcp://simrs-db.internal:5432,5432,0
DNS,DNS-01,running,13,2026-09-27 09:00:00,dns://dns-01.internal:53,53,0
FILE SERVER,FILE-01,running,14,2026-09-27 09:00:00,smb://file.internal:445,445,0
MONITORING,MONITOR-01,running,140,2026-09-27 09:00:00,http://monitor.internal:9090/-/healthy,9090,200
SIM-APOTEK,SIMRS-APP-01,running,122,2026-09-27 09:00:00,http://simrs.internal:8081/health,8081,200
SIMRS,SIMRS-APP-01,running,92,2026-09-27 09:00:00,http://simrs.internal:8080/health,8080,200
DATABASE,SIMRS-DB-01,running,11,2026-09-27 10:00:00,tcp://simrs-db.internal:5432,5432,0
DNS,DNS-01,running,13,2026-09-27 10:00:00,dns://dns-01.internal:53,53,0
FILE SERVER,FILE-01,running,7,2026-09-27 10:00:00,smb://file.internal:445,445,0
MONITORING,MONITOR-01,running,103,2026-09-27 10:00:00,http://monitor.internal:9090/-/healthy,9090,200
SIM-APOTEK,SIMRS-APP-01,running,117,2026-09-27 10:00:00,http://simrs.internal:8081/health,8081,200
SIMRS,SIMRS-APP-01,running,141,2026-09-27 10:00:00,http://simrs.internal:8080/health,8080,200
DATABASE,SIMRS-DB-01,running,6,2026-09-27 11:00:00,tcp://simrs-db.internal:5432,5432,0
DNS,DNS-01,running,12,2026-09-27 11:00:00,dns://dns-01.internal:53,53,0
FILE SERVER,FILE-01,running,7,2026-09-27 11:00:00,smb://file.internal:445,445,0
MONITORING,MONITOR-01,running,95,2026-09-27 11:00:00,http://monitor.internal:9090/-/healthy,9090,200
SIM-APOTEK,SIMRS-APP-01,running,126,2026-09-27 11:00:00,http://simrs.internal:8081/health,8081,200
SIMRS,SIMRS-APP-01,running,139,2026-09-27 11:00:00,http://simrs.internal:8080/health,8080,200
DATABASE,SIMRS-DB-01,running,5,2026-09-27 12:00:00,tcp://simrs-db.internal:5432,5432,0
DNS,DNS-01,running,8,2026-09-27 12:00:00,dns://dns-01.internal:53,53,0
FILE SERVER,FILE-01,running,5,2026-09-27 12:00:00,smb://file.internal:445,445,0
MONITORING,MONITOR-01,running,133,2026-09-27 12:00:00,http://monitor.internal:9090/-/healthy,9090,200
SIM-APOTEK,SIMRS-APP-01,running,150,2026-09-27 12:00:00,http://simrs.internal:8081/health,8081,200
SIMRS,SIMRS-APP-01,running,94,2026-09-27 12:00:00,http://simrs.internal:8080/health,8080,200
DATABASE,SIMRS-DB-01,running,14,2026-09-27 12:55:00,tcp://simrs-db.internal:5432,5432,0
DNS,DNS-01,running,10,2026-09-27 12:55:00,dns://dns-01.internal:53,53,0
FILE SERVER,FILE-01,running,14,2026-09-27 12:55:00,smb://file.internal:445,445,0
MONITORING,MONITOR-01,running,146,2026-09-27 12:55:00,http://monitor.internal:9090/-/healthy,9090,200
SIM-APOTEK,SIMRS-APP-01,running,125,2026-09-27 12:55:00,http://simrs.internal:8081/health,8081,200
SIMRS,SIMRS-APP-01,running,111,2026-09-27 12:55:00,http://simrs.internal:8080/health,8080,200
DATABASE,SIMRS-DB-01,running,5,2026-09-27 12:56:00,tcp://simrs-db.internal:5432,5432,0
DNS,DNS-01,running,9,2026-09-27 12:56:00,dns://dns-01.internal:53,53,0
FILE SERVER,FILE-01,running,3,2026-09-27 12:56:00,smb://file.internal:445,445,0
MONITORING,MONITOR-01,running,129,2026-09-27 12:56:00,http://monitor.internal:9090/-/healthy,9090,200
SIM-APOTEK,SIMRS-APP-01,running,92,2026-09-27 12:56:00,http://simrs.internal:8081/health,8081,200
SIMRS,SIMRS-APP-01,running,129,2026-09-27 12:56:00,http://simrs.internal:8080/health,8080,200
DATABASE,SIMRS-DB-01,running,14,2026-09-27 12:57:00,tcp://simrs-db.internal:5432,5432,0
DNS,DNS-01,running,11,2026-09-27 12:57:00,dns://dns-01.internal:53,53,0
FILE SERVER,FILE-01,running,9,2026-09-27 12:57:00,smb://file.internal:445,445,0
MONITORING,MONITOR-01,running,144,2026-09-27 12:57:00,http://monitor.internal:9090/-/healthy,9090,200
SIM-APOTEK,SIMRS-APP-01,running,121,2026-09-27 12:57:00,http://simrs.internal:8081/health,8081,200
SIMRS,SIMRS-APP-01,running,112,2026-09-27 12:57:00,http://simrs.internal:8080/health,8080,200
DATABASE,SIMRS-DB-01,running,11,2026-09-27 12:58:00,tcp://simrs-db.internal:5432,5432,0
DNS,DNS-01,running,11,2026-09-27 12:58:00,dns://dns-01.internal:53,53,0
FILE SERVER,FILE-01,running,11,2026-09-27 12:58:00,smb://file.internal:445,445,0
MONITORING,MONITOR-01,running,111,2026-09-27 12:58:00,http://monitor.internal:9090/-/healthy,9090,200
SIM-APOTEK,SIMRS-APP-01,running,130,2026-09-27 12:58:00,http://simrs.internal:8081/health,8081,200
SIMRS,SIMRS-APP-01,running,111,2026-09-27 12:58:00,http://simrs.internal:8080/health,8080,200
DATABASE,SIMRS-DB-01,running,14,2026-09-27 12:59:00,tcp://simrs-db.internal:5432,5432,0
DNS,DNS-01,running,13,2026-09-27 12:59:00,dns://dns-01.internal:53,53,0
FILE SERVER,FILE-01,running,8,2026-09-27 12:59:00,smb://file.internal:445,445,0
MONITORING,MONITOR-01,running,115,2026-09-27 12:59:00,http://monitor.internal:9090/-/healthy,9090,200
SIM-APOTEK,SIMRS-APP-01,running,146,2026-09-27 12:59:00,http://simrs.internal:8081/health,8081,200
SIMRS,SIMRS-APP-01,running,115,2026-09-27 12:59:00,http://simrs.internal:8080/health,8080,200
DATABASE,SIMRS-DB-01,running,6,2026-09-27 13:00:00,tcp://simrs-db.internal:5432,5432,0
DATABASE,SIMRS-DB-01,running,14,2026-09-27 13:00:00,tcp://simrs-db.internal:5432,5432,0
DNS,DNS-01,running,5,2026-09-27 13:00:00,dns://dns-01.internal:53,53,0
DNS,DNS-01,running,4,2026-09-27 13:00:00,dns://dns-01.internal:53,53,0
FILE SERVER,FILE-01,running,3,2026-09-27 13:00:00,smb://file.internal:445,445,0
FILE SERVER,FILE-01,running,7,2026-09-27 13:00:00,smb://file.internal:445,445,0
MONITORING,MONITOR-01,running,149,2026-09-27 13:00:00,http://monitor.internal:9090/-/healthy,9090,200
MONITORING,MONITOR-01,running,93,2026-09-27 13:00:00,http://monitor.internal:9090/-/healthy,9090,200
SIM-APOTEK,SIMRS-APP-01,running,139,2026-09-27 13:00:00,http://simrs.internal:8081/health,8081,200
SIM-APOTEK,SIMRS-APP-01,running,106,2026-09-27 13:00:00,http://simrs.internal:8081/health,8081,200
SIMRS,SIMRS-APP-01,running,99,2026-09-27 13:00:00,http://simrs.internal:8080/health,8080,200
SIMRS,SIMRS-APP-01,running,104,2026-09-27 13:00:00,http://simrs.internal:8080/health,8080,200
DATABASE,SIMRS-DB-01,running,7,2026-09-27 13:01:00,tcp://simrs-db.internal:5432,5432,0
DNS,DNS-01,running,8,2026-09-27 13:01:00,dns://dns-01.internal:53,53,0
FILE SERVER,FILE-01,running,7,2026-09-27 13:01:00,smb://file.internal:445,445,0
MONITORING,MONITOR-01,running,143,2026-09-27 13:01:00,http://monitor.internal:9090/-/healthy,9090,200
SIM-APOTEK,SIMRS-APP-01,running,95,2026-09-27 13:01:00,http://simrs.internal:8081/health,8081,200
SIMRS,SIMRS-APP-01,running,147,2026-09-27 13:01:00,http://simrs.internal:8080/health,8080,200
DATABASE,SIMRS-DB-01,running,11,2026-09-27 13:02:00,tcp://simrs-db.internal:5432,5432,0
DNS,DNS-01,running,7,2026-09-27 13:02:00,dns://dns-01.internal:53,53,0
FILE SERVER,FILE-01,running,13,2026-09-27 13:02:00,smb://file.internal:445,445,0
MONITORING,MONITOR-01,running,130,2026-09-27 13:02:00,http://monitor.internal:9090/-/healthy,9090,200
SIM-APOTEK,SIMRS-APP-01,running,102,2026-09-27 13:02:00,http://simrs.internal:8081/health,8081,200
SIMRS,SIMRS-APP-01,running,91,2026-09-27 13:02:00,http://simrs.internal:8080/health,8080,200
DATABASE,SIMRS-DB-01,running,9,2026-09-27 13:03:00,tcp://simrs-db.internal:5432,5432,0
DNS,DNS-01,running,10,2026-09-27 13:03:00,dns://dns-01.internal:53,53,0
FILE SERVER,FILE-01,running,13,2026-09-27 13:03:00,smb://file.internal:445,445,0
MONITORING,MONITOR-01,running,110,2026-09-27 13:03:00,http://monitor.internal:9090/-/healthy,9090,200
SIM-APOTEK,SIMRS-APP-01,running,129,2026-09-27 13:03:00,http://simrs.internal:8081/health,8081,200
SIMRS,SIMRS-APP-01,running,96,2026-09-27 13:03:00,http://simrs.internal:8080/health,8080,200
DATABASE,SIMRS-DB-01,running,7,2026-09-27 13:04:00,tcp://simrs-db.internal:5432,5432,0
DNS,DNS-01,running,9,2026-09-27 13:04:00,dns://dns-01.internal:53,53,0
FILE SERVER,FILE-01,running,8,2026-09-27 13:04:00,smb://file.internal:445,445,0
MONITORING,MONITOR-01,running,120,2026-09-27 13:04:00,http://monitor.internal:9090/-/healthy,9090,200
SIM-APOTEK,SIMRS-APP-01,running,96,2026-09-27 13:04:00,http://simrs.internal:8081/health,8081,200
SIMRS,SIMRS-APP-01,running,125,2026-09-27 13:04:00,http://simrs.internal:8080/health,8080,200
DATABASE,SIMRS-DB-01,running,13,2026-09-27 13:05:00,tcp://simrs-db.internal:5432,5432,0
DNS,DNS-01,running,6,2026-09-27 13:05:00,dns://dns-01.internal:53,53,0
FILE SERVER,FILE-01,running,4,2026-09-27 13:05:00,smb://file.internal:445,445,0
MONITORING,MONITOR-01,running,142,2026-09-27 13:05:00,http://monitor.internal:9090/-/healthy,9090,200
SIM-APOTEK,SIMRS-APP-01,running,118,2026-09-27 13:05:00,http://simrs.internal:8081/health,8081,200
SIMRS,SIMRS-APP-01,running,143,2026-09-27 13:05:00,http://simrs.internal:8080/health,8080,200
DATABASE,SIMRS-DB-01,running,3,2026-09-27 13:06:00,tcp://simrs-db.internal:5432,5432,0
DNS,DNS-01,running,4,2026-09-27 13:06:00,dns://dns-01.internal:53,53,0
FILE SERVER,FILE-01,running,7,2026-09-27 13:06:00,smb://file.internal:445,445,0
MONITORING,MONITOR-01,running,131,2026-09-27 13:06:00,http://monitor.internal:9090/-/healthy,9090,200
SIM-APOTEK,SIMRS-APP-01,running,140,2026-09-27 13:06:00,http://simrs.internal:8081/health,8081,200
SIMRS,SIMRS-APP-01,running,131,2026-09-27 13:06:00,http://simrs.internal:8080/health,8080,200
DATABASE,SIMRS-DB-01,running,7,2026-09-27 13:07:00,tcp://simrs-db.internal:5432,5432,0
DNS,DNS-01,running,6,2026-09-27 13:07:00,dns://dns-01.internal:53,53,0
FILE SERVER,FILE-01,running,13,2026-09-27 13:07:00,smb://file.internal:445,445,0
MONITORING,MONITOR-01,running,139,2026-09-27 13:07:00,http://monitor.internal:9090/-/healthy,9090,200
SIM-APOTEK,SIMRS-APP-01,running,111,2026-09-27 13:07:00,http://simrs.internal:8081/health,8081,200
SIMRS,SIMRS-APP-01,running,103,2026-09-27 13:07:00,http://simrs.internal:8080/health,8080,200
DATABASE,SIMRS-DB-01,running,12,2026-09-27 13:08:00,tcp://simrs-db.internal:5432,5432,0
DNS,DNS-01,running,12,2026-09-27 13:08:00,dns://dns-01.internal:53,53,0
FILE SERVER,FILE-01,running,11,2026-09-27 13:08:00,smb://file.internal:445,445,0
MONITORING,MONITOR-01,running,112,2026-09-27 13:08:00,http://monitor.internal:9090/-/healthy,9090,200
SIM-APOTEK,SIMRS-APP-01,running,109,2026-09-27 13:08:00,http://simrs.internal:8081/health,8081,200
SIMRS,SIMRS-APP-01,running,97,2026-09-27 13:08:00,http://simrs.internal:8080/health,8080,200
DATABASE,SIMRS-DB-01,running,5,2026-09-27 13:09:00,tcp://simrs-db.internal:5432,5432,0
DNS,DNS-01,running,7,2026-09-27 13:09:00,dns://dns-01.internal:53,53,0
FILE SERVER,FILE-01,running,11,2026-09-27 13:09:00,smb://file.internal:445,445,0
MONITORING,MONITOR-01,running,144,2026-09-27 13:09:00,http://monitor.internal:9090/-/healthy,9090,200
SIM-APOTEK,SIMRS-APP-01,running,94,2026-09-27 13:09:00,http://simrs.internal:8081/health,8081,200
SIMRS,SIMRS-APP-01,running,102,2026-09-27 13:09:00,http://simrs.internal:8080/health,8080,200
DATABASE,SIMRS-DB-01,running,3,2026-09-27 13:10:00,tcp://simrs-db.internal:5432,5432,0
DNS,DNS-01,running,3,2026-09-27 13:10:00,dns://dns-01.internal:53,53,0
FILE SERVER,FILE-01,running,13,2026-09-27 13:10:00,smb://file.internal:445,445,0
MONITORING,MONITOR-01,running,138,2026-09-27 13:10:00,http://monitor.internal:9090/-/healthy,9090,200
SIM-APOTEK,SIMRS-APP-01,running,136,2026-09-27 13:10:00,http://simrs.internal:8081/health,8081,200
SIMRS,SIMRS-APP-01,running,96,2026-09-27 13:10:00,http://simrs.internal:8080/health,8080,200
DATABASE,SIMRS-DB-01,running,9,2026-09-27 13:11:00,tcp://simrs-db.internal:5432,5432,0
DNS,DNS-01,running,9,2026-09-27 13:11:00,dns://dns-01.internal:53,53,0
FILE SERVER,FILE-01,running,7,2026-09-27 13:11:00,smb://file.internal:445,445,0
MONITORING,MONITOR-01,running,93,2026-09-27 13:11:00,http://monitor.internal:9090/-/healthy,9090,200
SIM-APOTEK,SIMRS-APP-01,running,140,2026-09-27 13:11:00,http://simrs.internal:8081/health,8081,200
SIMRS,SIMRS-APP-01,running,141,2026-09-27 13:11:00,http://simrs.internal:8080/health,8080,200
DATABASE,SIMRS-DB-01,running,13,2026-09-27 13:12:00,tcp://simrs-db.internal:5432,5432,0
DNS,DNS-01,running,12,2026-09-27 13:12:00,dns://dns-01.internal:53,53,0
FILE SERVER,FILE-01,running,14,2026-09-27 13:12:00,smb://file.internal:445,445,0
MONITORING,MONITOR-01,running,103,2026-09-27 13:12:00,http://monitor.internal:9090/-/healthy,9090,200
SIM-APOTEK,SIMRS-APP-01,running,131,2026-09-27 13:12:00,http://simrs.internal:8081/health,8081,200
SIMRS,SIMRS-APP-01,running,149,2026-09-27 13:12:00,http://simrs.internal:8080/health,8080,200
DATABASE,SIMRS-DB-01,running,10,2026-09-27 13:13:00,tcp://simrs-db.internal:5432,5432,0
DNS,DNS-01,running,12,2026-09-27 13:13:00,dns://dns-01.internal:53,53,0
FILE SERVER,FILE-01,running,9,2026-09-27 13:13:00,smb://file.internal:445,445,0
MONITORING,MONITOR-01,running,129,2026-09-27 13:13:00,http://monitor.internal:9090/-/healthy,9090,200
SIM-APOTEK,SIMRS-APP-01,running,116,2026-09-27 13:13:00,http://simrs.internal:8081/health,8081,200
SIMRS,SIMRS-APP-01,running,147,2026-09-27 13:13:00,http://simrs.internal:8080/health,8080,200
DATABASE,SIMRS-DB-01,running,4,2026-09-27 13:14:00,tcp://simrs-db.internal:5432,5432,0
DNS,DNS-01,down,5000,2026-09-27 13:14:00,dns://dns-01.internal:53,53,0
FILE SERVER,FILE-01,running,4,2026-09-27 13:14:00,smb://file.internal:445,445,0
MONITORING,MONITOR-01,running,144,2026-09-27 13:14:00,http://monitor.internal:9090/-/healthy,9090,200
SIM-APOTEK,SIMRS-APP-01,running,128,2026-09-27 13:14:00,http://simrs.internal:8081/health,8081,200
SIMRS,SIMRS-APP-01,running,120,2026-09-27 13:14:00,http://simrs.internal:8080/health,8080,200
DATABASE,SIMRS-DB-01,running,3,2026-09-27 13:15:00,tcp://simrs-db.internal:5432,5432,0
DNS,DNS-01,down,5000,2026-09-27 13:15:00,dns://dns-01.internal:53,53,0
FILE SERVER,FILE-01,running,11,2026-09-27 13:15:00,smb://file.internal:445,445,0
MONITORING,MONITOR-01,running,125,2026-09-27 13:15:00,http://monitor.internal:9090/-/healthy,9090,200
SIM-APOTEK,SIMRS-APP-01,running,130,2026-09-27 13:15:00,http://simrs.internal:8081/health,8081,200
SIMRS,SIMRS-APP-01,running,93,2026-09-27 13:15:00,http://simrs.internal:8080/health,8080,200
DATABASE,SIMRS-DB-01,running,9,2026-09-27 13:16:00,tcp://simrs-db.internal:5432,5432,0
DNS,DNS-01,down,5000,2026-09-27 13:16:00,dns://dns-01.internal:53,53,0
FILE SERVER,FILE-01,running,13,2026-09-27 13:16:00,smb://file.internal:445,445,0
MONITORING,MONITOR-01,running,136,2026-09-27 13:16:00,http://monitor.internal:9090/-/healthy,9090,200
SIM-APOTEK,SIMRS-APP-01,running,145,2026-09-27 13:16:00,http://simrs.internal:8081/health,8081,200
SIMRS,SIMRS-APP-01,running,112,2026-09-27 13:16:00,http://simrs.internal:8080/health,8080,200
DATABASE,SIMRS-DB-01,running,3,2026-09-27 13:17:00,tcp://simrs-db.internal:5432,5432,0
DNS,DNS-01,down,5000,2026-09-27 13:17:00,dns://dns-01.internal:53,53,0
FILE SERVER,FILE-01,running,4,2026-09-27 13:17:00,smb://file.internal:445,445,0
MONITORING,MONITOR-01,running,127,2026-09-27 13:17:00,http://monitor.internal:9090/-/healthy,9090,200
SIM-APOTEK,SIMRS-APP-01,running,98,2026-09-27 13:17:00,http://simrs.internal:8081/health,8081,200
SIMRS,SIMRS-APP-01,running,95,2026-09-27 13:17:00,http://simrs.internal:8080/health,8080,200
DATABASE,SIMRS-DB-01,running,11,2026-09-27 13:18:00,tcp://simrs-db.internal:5432,5432,0
DNS,DNS-01,down,5000,2026-09-27 13:18:00,dns://dns-01.internal:53,53,0
FILE SERVER,FILE-01,running,5,2026-09-27 13:18:00,smb://file.internal:445,445,0
MONITORING,MONITOR-01,running,97,2026-09-27 13:18:00,http://monitor.internal:9090/-/healthy,9090,200
SIM-APOTEK,SIMRS-APP-01,running,130,2026-09-27 13:18:00,http://simrs.internal:8081/health,8081,200
SIMRS,SIMRS-APP-01,running,137,2026-09-27 13:18:00,http://simrs.internal:8080/health,8080,200
DATABASE,SIMRS-DB-01,running,6,2026-09-27 13:19:00,tcp://simrs-db.internal:5432,5432,0
DNS,DNS-01,down,5000,2026-09-27 13:19:00,dns://dns-01.internal:53,53,0
FILE SERVER,FILE-01,running,8,2026-09-27 13:19:00,smb://file.internal:445,445,0
MONITORING,MONITOR-01,running,119,2026-09-27 13:19:00,http://monitor.internal:9090/-/healthy,9090,200
SIM-APOTEK,SIMRS-APP-01,running,139,2026-09-27 13:19:00,http://simrs.internal:8081/health,8081,200
SIMRS,SIMRS-APP-01,running,137,2026-09-27 13:19:00,http://simrs.internal:8080/health,8080,200
DATABASE,SIMRS-DB-01,running,6,2026-09-27 13:20:00,tcp://simrs-db.internal:5432,5432,0
DNS,DNS-01,down,5000,2026-09-27 13:20:00,dns://dns-01.internal:53,53,0
FILE SERVER,FILE-01,running,7,2026-09-27 13:20:00,smb://file.internal:445,445,0
MONITORING,MONITOR-01,running,139,2026-09-27 13:20:00,http://monitor.internal:9090/-/healthy,9090,200
SIM-APOTEK,SIMRS-APP-01,running,118,2026-09-27 13:20:00,http://simrs.internal:8081/health,8081,200
SIMRS,SIMRS-APP-01,running,123,2026-09-27 13:20:00,http://simrs.internal:8080/health,8080,200
DATABASE,SIMRS-DB-01,running,9,2026-09-27 13:21:00,tcp://simrs-db.internal:5432,5432,0
DNS,DNS-01,down,5000,2026-09-27 13:21:00,dns://dns-01.internal:53,53,0
FILE SERVER,FILE-01,running,3,2026-09-27 13:21:00,smb://file.internal:445,445,0
MONITORING,MONITOR-01,running,142,2026-09-27 13:21:00,http://monitor.internal:9090/-/healthy,9090,200
SIM-APOTEK,SIMRS-APP-01,running,119,2026-09-27 13:21:00,http://simrs.internal:8081/health,8081,200
SIMRS,SIMRS-APP-01,running,115,2026-09-27 13:21:00,http://simrs.internal:8080/health,8080,200
DATABASE,SIMRS-DB-01,running,14,2026-09-27 13:22:00,tcp://simrs-db.internal:5432,5432,0
DNS,DNS-01,down,5000,2026-09-27 13:22:00,dns://dns-01.internal:53,53,0
FILE SERVER,FILE-01,running,6,2026-09-27 13:22:00,smb://file.internal:445,445,0
MONITORING,MONITOR-01,running,96,2026-09-27 13:22:00,http://monitor.internal:9090/-/healthy,9090,200
SIM-APOTEK,SIMRS-APP-01,running,95,2026-09-27 13:22:00,http://simrs.internal:8081/health,8081,200
SIMRS,SIMRS-APP-01,running,117,2026-09-27 13:22:00,http://simrs.internal:8080/health,8080,200
DATABASE,SIMRS-DB-01,running,3,2026-09-27 13:23:00,tcp://simrs-db.internal:5432,5432,0
DNS,DNS-01,down,5000,2026-09-27 13:23:00,dns://dns-01.internal:53,53,0
FILE SERVER,FILE-01,running,10,2026-09-27 13:23:00,smb://file.internal:445,445,0
MONITORING,MONITOR-01,running,100,2026-09-27 13:23:00,http://monitor.internal:9090/-/healthy,9090,200
SIM-APOTEK,SIMRS-APP-01,running,122,2026-09-27 13:23:00,http://simrs.internal:8081/health,8081,200
SIMRS,SIMRS-APP-01,running,132,2026-09-27 13:23:00,http://simrs.internal:8080/health,8080,200
DATABASE,SIMRS-DB-01,running,8,2026-09-27 13:24:00,tcp://simrs-db.internal:5432,5432,0
DNS,DNS-01,down,5000,2026-09-27 13:24:00,dns://dns-01.internal:53,53,0
FILE SERVER,FILE-01,running,5,2026-09-27 13:24:00,smb://file.internal:445,445,0
MONITORING,MONITOR-01,running,128,2026-09-27 13:24:00,http://monitor.internal:9090/-/healthy,9090,200
SIM-APOTEK,SIMRS-APP-01,running,129,2026-09-27 13:24:00,http://simrs.internal:8081/health,8081,200
SIMRS,SIMRS-APP-01,running,125,2026-09-27 13:24:00,http://simrs.internal:8080/health,8080,200
DATABASE,SIMRS-DB-01,running,14,2026-09-27 13:25:00,tcp://simrs-db.internal:5432,5432,0
DNS,DNS-01,down,5000,2026-09-27 13:25:00,dns://dns-01.internal:53,53,0
FILE SERVER,FILE-01,running,8,2026-09-27 13:25:00,smb://file.internal:445,445,0
MONITORING,MONITOR-01,running,135,2026-09-27 13:25:00,http://monitor.internal:9090/-/healthy,9090,200
SIM-APOTEK,SIMRS-APP-01,running,90,2026-09-27 13:25:00,http://simrs.internal:8081/health,8081,200
SIMRS,SIMRS-APP-01,running,99,2026-09-27 13:25:00,http://simrs.internal:8080/health,8080,200
DATABASE,SIMRS-DB-01,running,12,2026-09-27 13:26:00,tcp://simrs-db.internal:5432,5432,0
DNS,DNS-01,down,5000,2026-09-27 13:26:00,dns://dns-01.internal:53,53,0
FILE SERVER,FILE-01,running,13,2026-09-27 13:26:00,smb://file.internal:445,445,0
MONITORING,MONITOR-01,running,108,2026-09-27 13:26:00,http://monitor.internal:9090/-/healthy,9090,200
SIM-APOTEK,SIMRS-APP-01,running,141,2026-09-27 13:26:00,http://simrs.internal:8081/health,8081,200
SIMRS,SIMRS-APP-01,running,109,2026-09-27 13:26:00,http://simrs.internal:8080/health,8080,200
DATABASE,SIMRS-DB-01,running,4,2026-09-27 13:27:00,tcp://simrs-db.internal:5432,5432,0
DNS,DNS-01,down,5000,2026-09-27 13:27:00,dns://dns-01.internal:53,53,0
FILE SERVER,FILE-01,running,3,2026-09-27 13:27:00,smb://file.internal:445,445,0
MONITORING,MONITOR-01,running,98,2026-09-27 13:27:00,http://monitor.internal:9090/-/healthy,9090,200
SIM-APOTEK,SIMRS-APP-01,running,99,2026-09-27 13:27:00,http://simrs.internal:8081/health,8081,200
SIMRS,SIMRS-APP-01,running,100,2026-09-27 13:27:00,http://simrs.internal:8080/health,8080,200
DATABASE,SIMRS-DB-01,running,13,2026-09-27 13:28:00,tcp://simrs-db.internal:5432,5432,0
DNS,DNS-01,down,5000,2026-09-27 13:28:00,dns://dns-01.internal:53,53,0
FILE SERVER,FILE-01,running,14,2026-09-27 13:28:00,smb://file.internal:445,445,0
MONITORING,MONITOR-01,running,137,2026-09-27 13:28:00,http://monitor.internal:9090/-/healthy,9090,200
SIM-APOTEK,SIMRS-APP-01,running,117,2026-09-27 13:28:00,http://simrs.internal:8081/health,8081,200
SIMRS,SIMRS-APP-01,running,109,2026-09-27 13:28:00,http://simrs.internal:8080/health,8080,200
DATABASE,SIMRS-DB-01,running,6,2026-09-27 13:29:00,tcp://simrs-db.internal:5432,5432,0
DNS,DNS-01,down,5000,2026-09-27 13:29:00,dns://dns-01.internal:53,53,0
FILE SERVER,FILE-01,running,9,2026-09-27 13:29:00,smb://file.internal:445,445,0
MONITORING,MONITOR-01,running,97,2026-09-27 13:29:00,http://monitor.internal:9090/-/healthy,9090,200
SIM-APOTEK,SIMRS-APP-01,running,122,2026-09-27 13:29:00,http://simrs.internal:8081/health,8081,200
SIMRS,SIMRS-APP-01,running,97,2026-09-27 13:29:00,http://simrs.internal:8080/health,8080,200
DATABASE,SIMRS-DB-01,running,9,2026-09-27 13:30:00,tcp://simrs-db.internal:5432,5432,0
DNS,DNS-01,down,5000,2026-09-27 13:30:00,dns://dns-01.internal:53,53,0
FILE SERVER,FILE-01,running,11,2026-09-27 13:30:00,smb://file.internal:445,445,0
MONITORING,MONITOR-01,running,108,2026-09-27 13:30:00,http://monitor.internal:9090/-/healthy,9090,200
SIM-APOTEK,SIMRS-APP-01,running,150,2026-09-27 13:30:00,http://simrs.internal:8081/health,8081,200
SIMRS,SIMRS-APP-01,running,109,2026-09-27 13:30:00,http://simrs.internal:8080/health,8080,200
DATABASE,SIMRS-DB-01,running,14,2026-09-27 13:31:00,tcp://simrs-db.internal:5432,5432,0
DNS,DNS-01,down,5000,2026-09-27 13:31:00,dns://dns-01.internal:53,53,0
FILE SERVER,FILE-01,running,8,2026-09-27 13:31:00,smb://file.internal:445,445,0
MONITORING,MONITOR-01,running,112,2026-09-27 13:31:00,http://monitor.internal:9090/-/healthy,9090,200
SIM-APOTEK,SIMRS-APP-01,running,121,2026-09-27 13:31:00,http://simrs.internal:8081/health,8081,200
SIMRS,SIMRS-APP-01,running,150,2026-09-27 13:31:00,http://simrs.internal:8080/health,8080,200
DATABASE,SIMRS-DB-01,running,11,2026-09-27 13:32:00,tcp://simrs-db.internal:5432,5432,0
DNS,DNS-01,down,5000,2026-09-27 13:32:00,dns://dns-01.internal:53,53,0
FILE SERVER,FILE-01,running,8,2026-09-27 13:32:00,smb://file.internal:445,445,0
MONITORING,MONITOR-01,running,140,2026-09-27 13:32:00,http://monitor.internal:9090/-/healthy,9090,200
SIM-APOTEK,SIMRS-APP-01,running,110,2026-09-27 13:32:00,http://simrs.internal:8081/health,8081,200
SIMRS,SIMRS-APP-01,running,126,2026-09-27 13:32:00,http://simrs.internal:8080/health,8080,200
DATABASE,SIMRS-DB-01,running,3,2026-09-27 13:33:00,tcp://simrs-db.internal:5432,5432,0
DNS,DNS-01,down,5000,2026-09-27 13:33:00,dns://dns-01.internal:53,53,0
FILE SERVER,FILE-01,running,4,2026-09-27 13:33:00,smb://file.internal:445,445,0
MONITORING,MONITOR-01,running,145,2026-09-27 13:33:00,http://monitor.internal:9090/-/healthy,9090,200
SIM-APOTEK,SIMRS-APP-01,running,150,2026-09-27 13:33:00,http://simrs.internal:8081/health,8081,200
SIMRS,SIMRS-APP-01,running,100,2026-09-27 13:33:00,http://simrs.internal:8080/health,8080,200
DATABASE,SIMRS-DB-01,running,6,2026-09-27 13:34:00,tcp://simrs-db.internal:5432,5432,0
DNS,DNS-01,down,5000,2026-09-27 13:34:00,dns://dns-01.internal:53,53,0
FILE SERVER,FILE-01,running,11,2026-09-27 13:34:00,smb://file.internal:445,445,0
MONITORING,MONITOR-01,running,111,2026-09-27 13:34:00,http://monitor.internal:9090/-/healthy,9090,200
SIM-APOTEK,SIMRS-APP-01,running,112,2026-09-27 13:34:00,http://simrs.internal:8081/health,8081,200
SIMRS,SIMRS-APP-01,running,91,2026-09-27 13:34:00,http://simrs.internal:8080/health,8080,200
DATABASE,SIMRS-DB-01,running,8,2026-09-27 13:35:00,tcp://simrs-db.internal:5432,5432,0
DNS,DNS-01,down,5000,2026-09-27 13:35:00,dns://dns-01.internal:53,53,0
FILE SERVER,FILE-01,running,5,2026-09-27 13:35:00,smb://file.internal:445,445,0
MONITORING,MONITOR-01,running,103,2026-09-27 13:35:00,http://monitor.internal:9090/-/healthy,9090,200
SIM-APOTEK,SIMRS-APP-01,running,141,2026-09-27 13:35:00,http://simrs.internal:8081/health,8081,200
SIMRS,SIMRS-APP-01,running,95,2026-09-27 13:35:00,http://simrs.internal:8080/health,8080,200
DATABASE,SIMRS-DB-01,running,8,2026-09-27 13:36:00,tcp://simrs-db.internal:5432,5432,0
DNS,DNS-01,down,5000,2026-09-27 13:36:00,dns://dns-01.internal:53,53,0
FILE SERVER,FILE-01,running,5,2026-09-27 13:36:00,smb://file.internal:445,445,0
MONITORING,MONITOR-01,running,142,2026-09-27 13:36:00,http://monitor.internal:9090/-/healthy,9090,200
SIM-APOTEK,SIMRS-APP-01,running,94,2026-09-27 13:36:00,http://simrs.internal:8081/health,8081,200
SIMRS,SIMRS-APP-01,running,127,2026-09-27 13:36:00,http://simrs.internal:8080/health,8080,200
DATABASE,SIMRS-DB-01,running,12,2026-09-27 13:37:00,tcp://simrs-db.internal:5432,5432,0
DNS,DNS-01,down,5000,2026-09-27 13:37:00,dns://dns-01.internal:53,53,0
FILE SERVER,FILE-01,running,12,2026-09-27 13:37:00,smb://file.internal:445,445,0
MONITORING,MONITOR-01,running,91,2026-09-27 13:37:00,http://monitor.internal:9090/-/healthy,9090,200
SIM-APOTEK,SIMRS-APP-01,running,110,2026-09-27 13:37:00,http://simrs.internal:8081/health,8081,200
SIMRS,SIMRS-APP-01,running,120,2026-09-27 13:37:00,http://simrs.internal:8080/health,8080,200
DATABASE,SIMRS-DB-01,running,13,2026-09-27 13:38:00,tcp://simrs-db.internal:5432,5432,0
DNS,DNS-01,down,5000,2026-09-27 13:38:00,dns://dns-01.internal:53,53,0
FILE SERVER,FILE-01,running,8,2026-09-27 13:38:00,smb://file.internal:445,445,0
MONITORING,MONITOR-01,running,128,2026-09-27 13:38:00,http://monitor.internal:9090/-/healthy,9090,200
SIM-APOTEK,SIMRS-APP-01,running,116,2026-09-27 13:38:00,http://simrs.internal:8081/health,8081,200
SIMRS,SIMRS-APP-01,running,121,2026-09-27 13:38:00,http://simrs.internal:8080/health,8080,200
DATABASE,SIMRS-DB-01,running,13,2026-09-27 13:39:00,tcp://simrs-db.internal:5432,5432,0
DNS,DNS-01,down,5000,2026-09-27 13:39:00,dns://dns-01.internal:53,53,0
FILE SERVER,FILE-01,running,10,2026-09-27 13:39:00,smb://file.internal:445,445,0
MONITORING,MONITOR-01,running,124,2026-09-27 13:39:00,http://monitor.internal:9090/-/healthy,9090,200
SIM-APOTEK,SIMRS-APP-01,running,111,2026-09-27 13:39:00,http://simrs.internal:8081/health,8081,200
SIMRS,SIMRS-APP-01,running,118,2026-09-27 13:39:00,http://simrs.internal:8080/health,8080,200
DATABASE,SIMRS-DB-01,running,13,2026-09-27 13:40:00,tcp://simrs-db.internal:5432,5432,0
DNS,DNS-01,down,5000,2026-09-27 13:40:00,dns://dns-01.internal:53,53,0
FILE SERVER,FILE-01,running,7,2026-09-27 13:40:00,smb://file.internal:445,445,0
MONITORING,MONITOR-01,running,122,2026-09-27 13:40:00,http://monitor.internal:9090/-/healthy,9090,200
SIM-APOTEK,SIMRS-APP-01,running,138,2026-09-27 13:40:00,http://simrs.internal:8081/health,8081,200
SIMRS,SIMRS-APP-01,running,112,2026-09-27 13:40:00,http://simrs.internal:8080/health,8080,200
DATABASE,SIMRS-DB-01,running,6,2026-09-27 13:41:00,tcp://simrs-db.internal:5432,5432,0
DNS,DNS-01,down,5000,2026-09-27 13:41:00,dns://dns-01.internal:53,53,0
FILE SERVER,FILE-01,running,11,2026-09-27 13:41:00,smb://file.internal:445,445,0
MONITORING,MONITOR-01,running,108,2026-09-27 13:41:00,http://monitor.internal:9090/-/healthy,9090,200
SIM-APOTEK,SIMRS-APP-01,running,113,2026-09-27 13:41:00,http://simrs.internal:8081/health,8081,200
SIMRS,SIMRS-APP-01,running,124,2026-09-27 13:41:00,http://simrs.internal:8080/health,8080,200
DATABASE,SIMRS-DB-01,running,5,2026-09-27 13:42:00,tcp://simrs-db.internal:5432,5432,0
DNS,DNS-01,down,5000,2026-09-27 13:42:00,dns://dns-01.internal:53,53,0
FILE SERVER,FILE-01,running,9,2026-09-27 13:42:00,smb://file.internal:445,445,0
MONITORING,MONITOR-01,running,115,2026-09-27 13:42:00,http://monitor.internal:9090/-/healthy,9090,200
SIM-APOTEK,SIMRS-APP-01,running,145,2026-09-27 13:42:00,http://simrs.internal:8081/health,8081,200
SIMRS,SIMRS-APP-01,running,105,2026-09-27 13:42:00,http://simrs.internal:8080/health,8080,200
DATABASE,SIMRS-DB-01,running,12,2026-09-27 13:43:00,tcp://simrs-db.internal:5432,5432,0
DNS,DNS-01,down,5000,2026-09-27 13:43:00,dns://dns-01.internal:53,53,0
FILE SERVER,FILE-01,running,6,2026-09-27 13:43:00,smb://file.internal:445,445,0
MONITORING,MONITOR-01,running,133,2026-09-27 13:43:00,http://monitor.internal:9090/-/healthy,9090,200
SIM-APOTEK,SIMRS-APP-01,running,104,2026-09-27 13:43:00,http://simrs.internal:8081/health,8081,200
SIMRS,SIMRS-APP-01,running,99,2026-09-27 13:43:00,http://simrs.internal:8080/health,8080,200
DATABASE,SIMRS-DB-01,running,12,2026-09-27 13:44:00,tcp://simrs-db.internal:5432,5432,0
DNS,DNS-01,down,5000,2026-09-27 13:44:00,dns://dns-01.internal:53,53,0
FILE SERVER,FILE-01,running,10,2026-09-27 13:44:00,smb://file.internal:445,445,0
MONITORING,MONITOR-01,running,126,2026-09-27 13:44:00,http://monitor.internal:9090/-/healthy,9090,200
SIM-APOTEK,SIMRS-APP-01,running,129,2026-09-27 13:44:00,http://simrs.internal:8081/health,8081,200
SIMRS,SIMRS-APP-01,running,125,2026-09-27 13:44:00,http://simrs.internal:8080/health,8080,200
DATABASE,SIMRS-DB-01,running,5,2026-09-27 13:45:00,tcp://simrs-db.internal:5432,5432,0
DNS,DNS-01,down,5000,2026-09-27 13:45:00,dns://dns-01.internal:53,53,0
FILE SERVER,FILE-01,running,3,2026-09-27 13:45:00,smb://file.internal:445,445,0
MONITORING,MONITOR-01,running,126,2026-09-27 13:45:00,http://monitor.internal:9090/-/healthy,9090,200
SIM-APOTEK,SIMRS-APP-01,running,110,2026-09-27 13:45:00,http://simrs.internal:8081/health,8081,200
SIMRS,SIMRS-APP-01,running,132,2026-09-27 13:45:00,http://simrs.internal:8080/health,8080,200
DATABASE,SIMRS-DB-01,running,8,2026-09-27 13:46:00,tcp://simrs-db.internal:5432,5432,0
DNS,DNS-01,down,5000,2026-09-27 13:46:00,dns://dns-01.internal:53,53,0
FILE SERVER,FILE-01,running,11,2026-09-27 13:46:00,smb://file.internal:445,445,0
MONITORING,MONITOR-01,running,149,2026-09-27 13:46:00,http://monitor.internal:9090/-/healthy,9090,200
SIM-APOTEK,SIMRS-APP-01,running,103,2026-09-27 13:46:00,http://simrs.internal:8081/health,8081,200
SIMRS,SIMRS-APP-01,running,119,2026-09-27 13:46:00,http://simrs.internal:8080/health,8080,200
DATABASE,SIMRS-DB-01,running,12,2026-09-27 13:47:00,tcp://simrs-db.internal:5432,5432,0
DNS,DNS-01,down,5000,2026-09-27 13:47:00,dns://dns-01.internal:53,53,0
FILE SERVER,FILE-01,running,4,2026-09-27 13:47:00,smb://file.internal:445,445,0
MONITORING,MONITOR-01,running,134,2026-09-27 13:47:00,http://monitor.internal:9090/-/healthy,9090,200
SIM-APOTEK,SIMRS-APP-01,running,148,2026-09-27 13:47:00,http://simrs.internal:8081/health,8081,200
SIMRS,SIMRS-APP-01,running,125,2026-09-27 13:47:00,http://simrs.internal:8080/health,8080,200
DATABASE,SIMRS-DB-01,running,14,2026-09-27 13:48:00,tcp://simrs-db.internal:5432,5432,0
DNS,DNS-01,down,5000,2026-09-27 13:48:00,dns://dns-01.internal:53,53,0
FILE SERVER,FILE-01,running,10,2026-09-27 13:48:00,smb://file.internal:445,445,0
MONITORING,MONITOR-01,running,121,2026-09-27 13:48:00,http://monitor.internal:9090/-/healthy,9090,200
SIM-APOTEK,SIMRS-APP-01,running,117,2026-09-27 13:48:00,http://simrs.internal:8081/health,8081,200
SIMRS,SIMRS-APP-01,running,116,2026-09-27 13:48:00,http://simrs.internal:8080/health,8080,200
DATABASE,SIMRS-DB-01,running,6,2026-09-27 13:49:00,tcp://simrs-db.internal:5432,5432,0
DNS,DNS-01,down,5000,2026-09-27 13:49:00,dns://dns-01.internal:53,53,0
FILE SERVER,FILE-01,running,6,2026-09-27 13:49:00,smb://file.internal:445,445,0
MONITORING,MONITOR-01,running,134,2026-09-27 13:49:00,http://monitor.internal:9090/-/healthy,9090,200
SIM-APOTEK,SIMRS-APP-01,running,132,2026-09-27 13:49:00,http://simrs.internal:8081/health,8081,200
SIMRS,SIMRS-APP-01,running,132,2026-09-27 13:49:00,http://simrs.internal:8080/health,8080,200
DATABASE,SIMRS-DB-01,running,3,2026-09-27 13:50:00,tcp://simrs-db.internal:5432,5432,0
DNS,DNS-01,down,5000,2026-09-27 13:50:00,dns://dns-01.internal:53,53,0
FILE SERVER,FILE-01,running,8,2026-09-27 13:50:00,smb://file.internal:445,445,0
MONITORING,MONITOR-01,running,142,2026-09-27 13:50:00,http://monitor.internal:9090/-/healthy,9090,200
SIM-APOTEK,SIMRS-APP-01,running,90,2026-09-27 13:50:00,http://simrs.internal:8081/health,8081,200
SIMRS,SIMRS-APP-01,running,123,2026-09-27 13:50:00,http://simrs.internal:8080/health,8080,200
DATABASE,SIMRS-DB-01,running,5,2026-09-27 13:51:00,tcp://simrs-db.internal:5432,5432,0
DNS,DNS-01,down,5000,2026-09-27 13:51:00,dns://dns-01.internal:53,53,0
FILE SERVER,FILE-01,running,10,2026-09-27 13:51:00,smb://file.internal:445,445,0
MONITORING,MONITOR-01,running,125,2026-09-27 13:51:00,http://monitor.internal:9090/-/healthy,9090,200
SIM-APOTEK,SIMRS-APP-01,running,146,2026-09-27 13:51:00,http://simrs.internal:8081/health,8081,200
SIMRS,SIMRS-APP-01,running,130,2026-09-27 13:51:00,http://simrs.internal:8080/health,8080,200
DATABASE,SIMRS-DB-01,running,12,2026-09-27 13:52:00,tcp://simrs-db.internal:5432,5432,0
DNS,DNS-01,down,5000,2026-09-27 13:52:00,dns://dns-01.internal:53,53,0
FILE SERVER,FILE-01,running,13,2026-09-27 13:52:00,smb://file.internal:445,445,0
MONITORING,MONITOR-01,running,95,2026-09-27 13:52:00,http://monitor.internal:9090/-/healthy,9090,200
SIM-APOTEK,SIMRS-APP-01,running,99,2026-09-27 13:52:00,http://simrs.internal:8081/health,8081,200
SIMRS,SIMRS-APP-01,running,102,2026-09-27 13:52:00,http://simrs.internal:8080/health,8080,200
DATABASE,SIMRS-DB-01,running,5,2026-09-27 13:53:00,tcp://simrs-db.internal:5432,5432,0
DNS,DNS-01,down,5000,2026-09-27 13:53:00,dns://dns-01.internal:53,53,0
FILE SERVER,FILE-01,running,6,2026-09-27 13:53:00,smb://file.internal:445,445,0
MONITORING,MONITOR-01,running,94,2026-09-27 13:53:00,http://monitor.internal:9090/-/healthy,9090,200
SIM-APOTEK,SIMRS-APP-01,running,104,2026-09-27 13:53:00,http://simrs.internal:8081/health,8081,200
SIMRS,SIMRS-APP-01,running,144,2026-09-27 13:53:00,http://simrs.internal:8080/health,8080,200
DATABASE,SIMRS-DB-01,running,5,2026-09-27 13:54:00,tcp://simrs-db.internal:5432,5432,0
DNS,DNS-01,down,5000,2026-09-27 13:54:00,dns://dns-01.internal:53,53,0
FILE SERVER,FILE-01,running,13,2026-09-27 13:54:00,smb://file.internal:445,445,0
MONITORING,MONITOR-01,running,110,2026-09-27 13:54:00,http://monitor.internal:9090/-/healthy,9090,200
SIM-APOTEK,SIMRS-APP-01,running,96,2026-09-27 13:54:00,http://simrs.internal:8081/health,8081,200
SIMRS,SIMRS-APP-01,running,149,2026-09-27 13:54:00,http://simrs.internal:8080/health,8080,200
DATABASE,SIMRS-DB-01,running,4,2026-09-27 13:55:00,tcp://simrs-db.internal:5432,5432,0
DNS,DNS-01,down,5000,2026-09-27 13:55:00,dns://dns-01.internal:53,53,0
FILE SERVER,FILE-01,running,11,2026-09-27 13:55:00,smb://file.internal:445,445,0
MONITORING,MONITOR-01,running,132,2026-09-27 13:55:00,http://monitor.internal:9090/-/healthy,9090,200
SIM-APOTEK,SIMRS-APP-01,running,111,2026-09-27 13:55:00,http://simrs.internal:8081/health,8081,200
SIMRS,SIMRS-APP-01,running,100,2026-09-27 13:55:00,http://simrs.internal:8080/health,8080,200
DATABASE,SIMRS-DB-01,running,5,2026-09-27 13:56:00,tcp://simrs-db.internal:5432,5432,0
DNS,DNS-01,down,5000,2026-09-27 13:56:00,dns://dns-01.internal:53,53,0
FILE SERVER,FILE-01,running,5,2026-09-27 13:56:00,smb://file.internal:445,445,0
MONITORING,MONITOR-01,running,111,2026-09-27 13:56:00,http://monitor.internal:9090/-/healthy,9090,200
SIM-APOTEK,SIMRS-APP-01,running,104,2026-09-27 13:56:00,http://simrs.internal:8081/health,8081,200
SIMRS,SIMRS-APP-01,running,103,2026-09-27 13:56:00,http://simrs.internal:8080/health,8080,200
DATABASE,SIMRS-DB-01,running,6,2026-09-27 13:57:00,tcp://simrs-db.internal:5432,5432,0
DNS,DNS-01,running,9,2026-09-27 13:57:00,dns://dns-01.internal:53,53,0
FILE SERVER,FILE-01,running,12,2026-09-27 13:57:00,smb://file.internal:445,445,0
MONITORING,MONITOR-01,running,125,2026-09-27 13:57:00,http://monitor.internal:9090/-/healthy,9090,200
SIM-APOTEK,SIMRS-APP-01,running,101,2026-09-27 13:57:00,http://simrs.internal:8081/health,8081,200
SIMRS,SIMRS-APP-01,running,144,2026-09-27 13:57:00,http://simrs.internal:8080/health,8080,200
DATABASE,SIMRS-DB-01,running,3,2026-09-27 13:58:00,tcp://simrs-db.internal:5432,5432,0
DNS,DNS-01,running,7,2026-09-27 13:58:00,dns://dns-01.internal:53,53,0
FILE SERVER,FILE-01,running,6,2026-09-27 13:58:00,smb://file.internal:445,445,0
MONITORING,MONITOR-01,running,94,2026-09-27 13:58:00,http://monitor.internal:9090/-/healthy,9090,200
SIM-APOTEK,SIMRS-APP-01,running,144,2026-09-27 13:58:00,http://simrs.internal:8081/health,8081,200
SIMRS,SIMRS-APP-01,running,103,2026-09-27 13:58:00,http://simrs.internal:8080/health,8080,200
DATABASE,SIMRS-DB-01,running,8,2026-09-27 13:59:00,tcp://simrs-db.internal:5432,5432,0
DNS,DNS-01,running,10,2026-09-27 13:59:00,dns://dns-01.internal:53,53,0
FILE SERVER,FILE-01,running,9,2026-09-27 13:59:00,smb://file.internal:445,445,0
MONITORING,MONITOR-01,running,108,2026-09-27 13:59:00,http://monitor.internal:9090/-/healthy,9090,200
SIM-APOTEK,SIMRS-APP-01,running,91,2026-09-27 13:59:00,http://simrs.internal:8081/health,8081,200
SIMRS,SIMRS-APP-01,running,132,2026-09-27 13:59:00,http://simrs.internal:8080/health,8080,200
DATABASE,SIMRS-DB-01,running,7,2026-09-27 14:00:00,tcp://simrs-db.internal:5432,5432,0
DATABASE,SIMRS-DB-01,running,10,2026-09-27 14:00:00,tcp://simrs-db.internal:5432,5432,0
DNS,DNS-01,running,12,2026-09-27 14:00:00,dns://dns-01.internal:53,53,0
DNS,DNS-01,running,11,2026-09-27 14:00:00,dns://dns-01.internal:53,53,0
FILE SERVER,FILE-01,running,8,2026-09-27 14:00:00,smb://file.internal:445,445,0
FILE SERVER,FILE-01,running,13,2026-09-27 14:00:00,smb://file.internal:445,445,0
MONITORING,MONITOR-01,running,117,2026-09-27 14:00:00,http://monitor.internal:9090/-/healthy,9090,200
MONITORING,MONITOR-01,running,94,2026-09-27 14:00:00,http://monitor.internal:9090/-/healthy,9090,200
SIM-APOTEK,SIMRS-APP-01,running,110,2026-09-27 14:00:00,http://simrs.internal:8081/health,8081,200
SIM-APOTEK,SIMRS-APP-01,running,127,2026-09-27 14:00:00,http://simrs.internal:8081/health,8081,200
SIMRS,SIMRS-APP-01,running,142,2026-09-27 14:00:00,http://simrs.internal:8080/health,8080,200
SIMRS,SIMRS-APP-01,running,136,2026-09-27 14:00:00,http://simrs.internal:8080/health,8080,200
DATABASE,SIMRS-DB-01,running,7,2026-09-27 15:00:00,tcp://simrs-db.internal:5432,5432,0
DNS,DNS-01,running,9,2026-09-27 15:00:00,dns://dns-01.internal:53,53,0
FILE SERVER,FILE-01,running,8,2026-09-27 15:00:00,smb://file.internal:445,445,0
MONITORING,MONITOR-01,running,93,2026-09-27 15:00:00,http://monitor.internal:9090/-/healthy,9090,200
SIM-APOTEK,SIMRS-APP-01,running,146,2026-09-27 15:00:00,http://simrs.internal:8081/health,8081,200
SIMRS,SIMRS-APP-01,running,150,2026-09-27 15:00:00,http://simrs.internal:8080/health,8080,200
DATABASE,SIMRS-DB-01,running,10,2026-09-27 16:00:00,tcp://simrs-db.internal:5432,5432,0
DNS,DNS-01,running,9,2026-09-27 16:00:00,dns://dns-01.internal:53,53,0
FILE SERVER,FILE-01,running,6,2026-09-27 16:00:00,smb://file.internal:445,445,0
MONITORING,MONITOR-01,running,144,2026-09-27 16:00:00,http://monitor.internal:9090/-/healthy,9090,200
SIM-APOTEK,SIMRS-APP-01,running,140,2026-09-27 16:00:00,http://simrs.internal:8081/health,8081,200
SIMRS,SIMRS-APP-01,running,121,2026-09-27 16:00:00,http://simrs.internal:8080/health,8080,200
DATABASE,SIMRS-DB-01,running,4,2026-09-27 17:00:00,tcp://simrs-db.internal:5432,5432,0
DNS,DNS-01,running,11,2026-09-27 17:00:00,dns://dns-01.internal:53,53,0
FILE SERVER,FILE-01,running,3,2026-09-27 17:00:00,smb://file.internal:445,445,0
MONITORING,MONITOR-01,running,145,2026-09-27 17:00:00,http://monitor.internal:9090/-/healthy,9090,200
SIM-APOTEK,SIMRS-APP-01,running,99,2026-09-27 17:00:00,http://simrs.internal:8081/health,8081,200
SIMRS,SIMRS-APP-01,running,93,2026-09-27 17:00:00,http://simrs.internal:8080/health,8080,200
DATABASE,SIMRS-DB-01,running,6,2026-09-27 18:00:00,tcp://simrs-db.internal:5432,5432,0
DNS,DNS-01,running,3,2026-09-27 18:00:00,dns://dns-01.internal:53,53,0
FILE SERVER,FILE-01,running,14,2026-09-27 18:00:00,smb://file.internal:445,445,0
MONITORING,MONITOR-01,running,116,2026-09-27 18:00:00,http://monitor.internal:9090/-/healthy,9090,200
SIM-APOTEK,SIMRS-APP-01,running,90,2026-09-27 18:00:00,http://simrs.internal:8081/health,8081,200
SIMRS,SIMRS-APP-01,running,100,2026-09-27 18:00:00,http://simrs.internal:8080/health,8080,200
DATABASE,SIMRS-DB-01,running,7,2026-09-27 19:00:00,tcp://simrs-db.internal:5432,5432,0
DNS,DNS-01,running,8,2026-09-27 19:00:00,dns://dns-01.internal:53,53,0
FILE SERVER,FILE-01,running,11,2026-09-27 19:00:00,smb://file.internal:445,445,0
MONITORING,MONITOR-01,running,133,2026-09-27 19:00:00,http://monitor.internal:9090/-/healthy,9090,200
SIM-APOTEK,SIMRS-APP-01,running,131,2026-09-27 19:00:00,http://simrs.internal:8081/health,8081,200
SIMRS,SIMRS-APP-01,running,115,2026-09-27 19:00:00,http://simrs.internal:8080/health,8080,200
DATABASE,SIMRS-DB-01,running,4,2026-09-27 20:00:00,tcp://simrs-db.internal:5432,5432,0
DNS,DNS-01,running,11,2026-09-27 20:00:00,dns://dns-01.internal:53,53,0
FILE SERVER,FILE-01,running,12,2026-09-27 20:00:00,smb://file.internal:445,445,0
MONITORING,MONITOR-01,running,149,2026-09-27 20:00:00,http://monitor.internal:9090/-/healthy,9090,200
SIM-APOTEK,SIMRS-APP-01,running,106,2026-09-27 20:00:00,http://simrs.internal:8081/health,8081,200
SIMRS,SIMRS-APP-01,running,139,2026-09-27 20:00:00,http://simrs.internal:8080/health,8080,200
DATABASE,SIMRS-DB-01,running,9,2026-09-27 21:00:00,tcp://simrs-db.internal:5432,5432,0
DNS,DNS-01,running,4,2026-09-27 21:00:00,dns://dns-01.internal:53,53,0
FILE SERVER,FILE-01,running,4,2026-09-27 21:00:00,smb://file.internal:445,445,0
MONITORING,MONITOR-01,running,95,2026-09-27 21:00:00,http://monitor.internal:9090/-/healthy,9090,200
SIM-APOTEK,SIMRS-APP-01,running,145,2026-09-27 21:00:00,http://simrs.internal:8081/health,8081,200
SIMRS,SIMRS-APP-01,running,140,2026-09-27 21:00:00,http://simrs.internal:8080/health,8080,200
DATABASE,SIMRS-DB-01,running,7,2026-09-27 22:00:00,tcp://simrs-db.internal:5432,5432,0
DNS,DNS-01,running,13,2026-09-27 22:00:00,dns://dns-01.internal:53,53,0
FILE SERVER,FILE-01,running,4,2026-09-27 22:00:00,smb://file.internal:445,445,0
MONITORING,MONITOR-01,running,99,2026-09-27 22:00:00,http://monitor.internal:9090/-/healthy,9090,200
SIM-APOTEK,SIMRS-APP-01,running,121,2026-09-27 22:00:00,http://simrs.internal:8081/health,8081,200
SIMRS,SIMRS-APP-01,running,123,2026-09-27 22:00:00,http://simrs.internal:8080/health,8080,200
DATABASE,SIMRS-DB-01,running,5,2026-09-27 23:00:00,tcp://simrs-db.internal:5432,5432,0
DNS,DNS-01,running,9,2026-09-27 23:00:00,dns://dns-01.internal:53,53,0
FILE SERVER,FILE-01,running,8,2026-09-27 23:00:00,smb://file.internal:445,445,0
MONITORING,MONITOR-01,running,114,2026-09-27 23:00:00,http://monitor.internal:9090/-/healthy,9090,200
SIM-APOTEK,SIMRS-APP-01,running,121,2026-09-27 23:00:00,http://simrs.internal:8081/health,8081,200
SIMRS,SIMRS-APP-01,running,109,2026-09-27 23:00:00,http://simrs.internal:8080/health,8080,200
DATABASE,SIMRS-DB-01,running,7,2026-09-28 00:00:00,tcp://simrs-db.internal:5432,5432,0
DNS,DNS-01,running,13,2026-09-28 00:00:00,dns://dns-01.internal:53,53,0
FILE SERVER,FILE-01,running,8,2026-09-28 00:00:00,smb://file.internal:445,445,0
MONITORING,MONITOR-01,running,113,2026-09-28 00:00:00,http://monitor.internal:9090/-/healthy,9090,200
SIM-APOTEK,SIMRS-APP-01,running,147,2026-09-28 00:00:00,http://simrs.internal:8081/health,8081,200
SIMRS,SIMRS-APP-01,running,113,2026-09-28 00:00:00,http://simrs.internal:8080/health,8080,200
DATABASE,SIMRS-DB-01,running,10,2026-09-28 01:00:00,tcp://simrs-db.internal:5432,5432,0
DNS,DNS-01,running,10,2026-09-28 01:00:00,dns://dns-01.internal:53,53,0
FILE SERVER,FILE-01,running,4,2026-09-28 01:00:00,smb://file.internal:445,445,0
MONITORING,MONITOR-01,running,124,2026-09-28 01:00:00,http://monitor.internal:9090/-/healthy,9090,200
SIM-APOTEK,SIMRS-APP-01,running,109,2026-09-28 01:00:00,http://simrs.internal:8081/health,8081,200
SIMRS,SIMRS-APP-01,running,91,2026-09-28 01:00:00,http://simrs.internal:8080/health,8080,200
DATABASE,SIMRS-DB-01,running,11,2026-09-28 02:00:00,tcp://simrs-db.internal:5432,5432,0
DNS,DNS-01,running,3,2026-09-28 02:00:00,dns://dns-01.internal:53,53,0
FILE SERVER,FILE-01,running,11,2026-09-28 02:00:00,smb://file.internal:445,445,0
MONITORING,MONITOR-01,running,139,2026-09-28 02:00:00,http://monitor.internal:9090/-/healthy,9090,200
SIM-APOTEK,SIMRS-APP-01,running,138,2026-09-28 02:00:00,http://simrs.internal:8081/health,8081,200
SIMRS,SIMRS-APP-01,running,126,2026-09-28 02:00:00,http://simrs.internal:8080/health,8080,200
DATABASE,SIMRS-DB-01,running,6,2026-09-28 03:00:00,tcp://simrs-db.internal:5432,5432,0
DNS,DNS-01,running,11,2026-09-28 03:00:00,dns://dns-01.internal:53,53,0
FILE SERVER,FILE-01,running,14,2026-09-28 03:00:00,smb://file.internal:445,445,0
MONITORING,MONITOR-01,running,108,2026-09-28 03:00:00,http://monitor.internal:9090/-/healthy,9090,200
SIM-APOTEK,SIMRS-APP-01,running,123,2026-09-28 03:00:00,http://simrs.internal:8081/health,8081,200
SIMRS,SIMRS-APP-01,running,118,2026-09-28 03:00:00,http://simrs.internal:8080/health,8080,200
DATABASE,SIMRS-DB-01,running,6,2026-09-28 04:00:00,tcp://simrs-db.internal:5432,5432,0
DNS,DNS-01,running,8,2026-09-28 04:00:00,dns://dns-01.internal:53,53,0
FILE SERVER,FILE-01,running,12,2026-09-28 04:00:00,smb://file.internal:445,445,0
MONITORING,MONITOR-01,running,113,2026-09-28 04:00:00,http://monitor.internal:9090/-/healthy,9090,200
SIM-APOTEK,SIMRS-APP-01,running,134,2026-09-28 04:00:00,http://simrs.internal:8081/health,8081,200
SIMRS,SIMRS-APP-01,running,103,2026-09-28 04:00:00,http://simrs.internal:8080/health,8080,200
DATABASE,SIMRS-DB-01,running,3,2026-09-28 05:00:00,tcp://simrs-db.internal:5432,5432,0
DNS,DNS-01,running,9,2026-09-28 05:00:00,dns://dns-01.internal:53,53,0
FILE SERVER,FILE-01,running,6,2026-09-28 05:00:00,smb://file.internal:445,445,0
MONITORING,MONITOR-01,running,126,2026-09-28 05:00:00,http://monitor.internal:9090/-/healthy,9090,200
SIM-APOTEK,SIMRS-APP-01,running,134,2026-09-28 05:00:00,http://simrs.internal:8081/health,8081,200
SIMRS,SIMRS-APP-01,running,97,2026-09-28 05:00:00,http://simrs.internal:8080/health,8080,200
DATABASE,SIMRS-DB-01,running,13,2026-09-28 06:00:00,tcp://simrs-db.internal:5432,5432,0
DNS,DNS-01,running,6,2026-09-28 06:00:00,dns://dns-01.internal:53,53,0
FILE SERVER,FILE-01,running,5,2026-09-28 06:00:00,smb://file.internal:445,445,0
MONITORING,MONITOR-01,running,143,2026-09-28 06:00:00,http://monitor.internal:9090/-/healthy,9090,200
SIM-APOTEK,SIMRS-APP-01,running,127,2026-09-28 06:00:00,http://simrs.internal:8081/health,8081,200
SIMRS,SIMRS-APP-01,running,127,2026-09-28 06:00:00,http://simrs.internal:8080/health,8080,200
DATABASE,SIMRS-DB-01,running,8,2026-09-28 07:00:00,tcp://simrs-db.internal:5432,5432,0
DNS,DNS-01,running,9,2026-09-28 07:00:00,dns://dns-01.internal:53,53,0
FILE SERVER,FILE-01,running,8,2026-09-28 07:00:00,smb://file.internal:445,445,0
MONITORING,MONITOR-01,running,119,2026-09-28 07:00:00,http://monitor.internal:9090/-/healthy,9090,200
SIM-APOTEK,SIMRS-APP-01,running,144,2026-09-28 07:00:00,http://simrs.internal:8081/health,8081,200
SIMRS,SIMRS-APP-01,running,110,2026-09-28 07:00:00,http://simrs.internal:8080/health,8080,200
DATABASE,SIMRS-DB-01,running,7,2026-09-28 08:00:00,tcp://simrs-db.internal:5432,5432,0
DNS,DNS-01,running,14,2026-09-28 08:00:00,dns://dns-01.internal:53,53,0
FILE SERVER,FILE-01,running,10,2026-09-28 08:00:00,smb://file.internal:445,445,0
MONITORING,MONITOR-01,running,144,2026-09-28 08:00:00,http://monitor.internal:9090/-/healthy,9090,200
SIM-APOTEK,SIMRS-APP-01,running,121,2026-09-28 08:00:00,http://simrs.internal:8081/health,8081,200
SIMRS,SIMRS-APP-01,running,128,2026-09-28 08:00:00,http://simrs.internal:8080/health,8080,200
DATABASE,SIMRS-DB-01,running,13,2026-09-28 09:00:00,tcp://simrs-db.internal:5432,5432,0
DNS,DNS-01,running,5,2026-09-28 09:00:00,dns://dns-01.internal:53,53,0
FILE SERVER,FILE-01,running,10,2026-09-28 09:00:00,smb://file.internal:445,445,0
MONITORING,MONITOR-01,running,142,2026-09-28 09:00:00,http://monitor.internal:9090/-/healthy,9090,200
SIM-APOTEK,SIMRS-APP-01,running,149,2026-09-28 09:00:00,http://simrs.internal:8081/health,8081,200
SIMRS,SIMRS-APP-01,running,111,2026-09-28 09:00:00,http://simrs.internal:8080/health,8080,200
DATABASE,SIMRS-DB-01,running,10,2026-09-28 09:22:00,tcp://simrs-db.internal:5432,5432,0
DNS,DNS-01,running,12,2026-09-28 09:22:00,dns://dns-01.internal:53,53,0
FILE SERVER,FILE-01,running,11,2026-09-28 09:22:00,smb://file.internal:445,445,0
MONITORING,MONITOR-01,running,144,2026-09-28 09:22:00,http://monitor.internal:9090/-/healthy,9090,200
SIM-APOTEK,SIMRS-APP-01,running,105,2026-09-28 09:22:00,http://simrs.internal:8081/health,8081,200
SIMRS,SIMRS-APP-01,running,104,2026-09-28 09:22:00,http://simrs.internal:8080/health,8080,200
DATABASE,SIMRS-DB-01,running,12,2026-09-28 09:23:00,tcp://simrs-db.internal:5432,5432,0
DNS,DNS-01,running,8,2026-09-28 09:23:00,dns://dns-01.internal:53,53,0
FILE SERVER,FILE-01,running,10,2026-09-28 09:23:00,smb://file.internal:445,445,0
MONITORING,MONITOR-01,running,112,2026-09-28 09:23:00,http://monitor.internal:9090/-/healthy,9090,200
SIM-APOTEK,SIMRS-APP-01,running,150,2026-09-28 09:23:00,http://simrs.internal:8081/health,8081,200
SIMRS,SIMRS-APP-01,running,133,2026-09-28 09:23:00,http://simrs.internal:8080/health,8080,200
DATABASE,SIMRS-DB-01,running,3,2026-09-28 09:24:00,tcp://simrs-db.internal:5432,5432,0
DNS,DNS-01,running,9,2026-09-28 09:24:00,dns://dns-01.internal:53,53,0
FILE SERVER,FILE-01,running,8,2026-09-28 09:24:00,smb://file.internal:445,445,0
MONITORING,MONITOR-01,running,137,2026-09-28 09:24:00,http://monitor.internal:9090/-/healthy,9090,200
SIM-APOTEK,SIMRS-APP-01,running,110,2026-09-28 09:24:00,http://simrs.internal:8081/health,8081,200
SIMRS,SIMRS-APP-01,running,103,2026-09-28 09:24:00,http://simrs.internal:8080/health,8080,200
DATABASE,SIMRS-DB-01,running,7,2026-09-28 09:25:00,tcp://simrs-db.internal:5432,5432,0
DNS,DNS-01,running,7,2026-09-28 09:25:00,dns://dns-01.internal:53,53,0
FILE SERVER,FILE-01,running,4,2026-09-28 09:25:00,smb://file.internal:445,445,0
MONITORING,MONITOR-01,running,118,2026-09-28 09:25:00,http://monitor.internal:9090/-/healthy,9090,200
SIM-APOTEK,SIMRS-APP-01,running,150,2026-09-28 09:25:00,http://simrs.internal:8081/health,8081,200
SIMRS,SIMRS-APP-01,running,90,2026-09-28 09:25:00,http://simrs.internal:8080/health,8080,200
DATABASE,SIMRS-DB-01,running,10,2026-09-28 09:26:00,tcp://simrs-db.internal:5432,5432,0
DNS,DNS-01,running,6,2026-09-28 09:26:00,dns://dns-01.internal:53,53,0
FILE SERVER,FILE-01,running,10,2026-09-28 09:26:00,smb://file.internal:445,445,0
MONITORING,MONITOR-01,running,93,2026-09-28 09:26:00,http://monitor.internal:9090/-/healthy,9090,200
SIM-APOTEK,SIMRS-APP-01,running,118,2026-09-28 09:26:00,http://simrs.internal:8081/health,8081,200
SIMRS,SIMRS-APP-01,running,126,2026-09-28 09:26:00,http://simrs.internal:8080/health,8080,200
DATABASE,SIMRS-DB-01,running,3,2026-09-28 09:27:00,tcp://simrs-db.internal:5432,5432,0
DNS,DNS-01,running,11,2026-09-28 09:27:00,dns://dns-01.internal:53,53,0
FILE SERVER,FILE-01,running,4,2026-09-28 09:27:00,smb://file.internal:445,445,0
MONITORING,MONITOR-01,running,138,2026-09-28 09:27:00,http://monitor.internal:9090/-/healthy,9090,200
SIM-APOTEK,SIMRS-APP-01,running,131,2026-09-28 09:27:00,http://simrs.internal:8081/health,8081,200
SIMRS,SIMRS-APP-01,running,136,2026-09-28 09:27:00,http://simrs.internal:8080/health,8080,200
DATABASE,SIMRS-DB-01,running,8,2026-09-28 09:28:00,tcp://simrs-db.internal:5432,5432,0
DNS,DNS-01,running,12,2026-09-28 09:28:00,dns://dns-01.internal:53,53,0
FILE SERVER,FILE-01,running,6,2026-09-28 09:28:00,smb://file.internal:445,445,0
MONITORING,MONITOR-01,running,111,2026-09-28 09:28:00,http://monitor.internal:9090/-/healthy,9090,200
SIM-APOTEK,SIMRS-APP-01,running,143,2026-09-28 09:28:00,http://simrs.internal:8081/health,8081,200
SIMRS,SIMRS-APP-01,running,107,2026-09-28 09:28:00,http://simrs.internal:8080/health,8080,200
DATABASE,SIMRS-DB-01,running,3,2026-09-28 09:29:00,tcp://simrs-db.internal:5432,5432,0
DNS,DNS-01,running,7,2026-09-28 09:29:00,dns://dns-01.internal:53,53,0
FILE SERVER,FILE-01,running,9,2026-09-28 09:29:00,smb://file.internal:445,445,0
MONITORING,MONITOR-01,running,126,2026-09-28 09:29:00,http://monitor.internal:9090/-/healthy,9090,200
SIM-APOTEK,SIMRS-APP-01,running,104,2026-09-28 09:29:00,http://simrs.internal:8081/health,8081,200
SIMRS,SIMRS-APP-01,running,121,2026-09-28 09:29:00,http://simrs.internal:8080/health,8080,200
DATABASE,SIMRS-DB-01,running,5,2026-09-28 09:30:00,tcp://simrs-db.internal:5432,5432,0
DNS,DNS-01,running,7,2026-09-28 09:30:00,dns://dns-01.internal:53,53,0
FILE SERVER,FILE-01,running,14,2026-09-28 09:30:00,smb://file.internal:445,445,0
MONITORING,MONITOR-01,running,135,2026-09-28 09:30:00,http://monitor.internal:9090/-/healthy,9090,200
SIM-APOTEK,SIMRS-APP-01,running,112,2026-09-28 09:30:00,http://simrs.internal:8081/health,8081,200
SIMRS,SIMRS-APP-01,running,145,2026-09-28 09:30:00,http://simrs.internal:8080/health,8080,200
DATABASE,SIMRS-DB-01,running,5,2026-09-28 09:31:00,tcp://simrs-db.internal:5432,5432,0
DNS,DNS-01,running,6,2026-09-28 09:31:00,dns://dns-01.internal:53,53,0
FILE SERVER,FILE-01,running,4,2026-09-28 09:31:00,smb://file.internal:445,445,0
MONITORING,MONITOR-01,running,147,2026-09-28 09:31:00,http://monitor.internal:9090/-/healthy,9090,200
SIM-APOTEK,SIMRS-APP-01,running,112,2026-09-28 09:31:00,http://simrs.internal:8081/health,8081,200
SIMRS,SIMRS-APP-01,running,147,2026-09-28 09:31:00,http://simrs.internal:8080/health,8080,200
DATABASE,SIMRS-DB-01,running,11,2026-09-28 09:32:00,tcp://simrs-db.internal:5432,5432,0
DNS,DNS-01,running,11,2026-09-28 09:32:00,dns://dns-01.internal:53,53,0
FILE SERVER,FILE-01,running,13,2026-09-28 09:32:00,smb://file.internal:445,445,0
MONITORING,MONITOR-01,running,105,2026-09-28 09:32:00,http://monitor.internal:9090/-/healthy,9090,200
SIM-APOTEK,SIMRS-APP-01,running,100,2026-09-28 09:32:00,http://simrs.internal:8081/health,8081,200
SIMRS,SIMRS-APP-01,running,91,2026-09-28 09:32:00,http://simrs.internal:8080/health,8080,200
DATABASE,SIMRS-DB-01,running,3,2026-09-28 09:33:00,tcp://simrs-db.internal:5432,5432,0
DNS,DNS-01,running,4,2026-09-28 09:33:00,dns://dns-01.internal:53,53,0
FILE SERVER,FILE-01,running,5,2026-09-28 09:33:00,smb://file.internal:445,445,0
MONITORING,MONITOR-01,running,125,2026-09-28 09:33:00,http://monitor.internal:9090/-/healthy,9090,200
SIM-APOTEK,SIMRS-APP-01,running,97,2026-09-28 09:33:00,http://simrs.internal:8081/health,8081,200
SIMRS,SIMRS-APP-01,running,99,2026-09-28 09:33:00,http://simrs.internal:8080/health,8080,200
DATABASE,SIMRS-DB-01,running,7,2026-09-28 09:34:00,tcp://simrs-db.internal:5432,5432,0
DNS,DNS-01,running,5,2026-09-28 09:34:00,dns://dns-01.internal:53,53,0
FILE SERVER,FILE-01,running,9,2026-09-28 09:34:00,smb://file.internal:445,445,0
MONITORING,MONITOR-01,running,130,2026-09-28 09:34:00,http://monitor.internal:9090/-/healthy,9090,200
SIM-APOTEK,SIMRS-APP-01,running,141,2026-09-28 09:34:00,http://simrs.internal:8081/health,8081,200
SIMRS,SIMRS-APP-01,running,111,2026-09-28 09:34:00,http://simrs.internal:8080/health,8080,200
DATABASE,SIMRS-DB-01,running,12,2026-09-28 09:35:00,tcp://simrs-db.internal:5432,5432,0
DNS,DNS-01,running,12,2026-09-28 09:35:00,dns://dns-01.internal:53,53,0
FILE SERVER,FILE-01,running,10,2026-09-28 09:35:00,smb://file.internal:445,445,0
MONITORING,MONITOR-01,running,107,2026-09-28 09:35:00,http://monitor.internal:9090/-/healthy,9090,200
SIM-APOTEK,SIMRS-APP-01,running,144,2026-09-28 09:35:00,http://simrs.internal:8081/health,8081,200
SIMRS,SIMRS-APP-01,running,94,2026-09-28 09:35:00,http://simrs.internal:8080/health,8080,200
DATABASE,SIMRS-DB-01,running,9,2026-09-28 09:36:00,tcp://simrs-db.internal:5432,5432,0
DNS,DNS-01,running,11,2026-09-28 09:36:00,dns://dns-01.internal:53,53,0
FILE SERVER,FILE-01,running,7,2026-09-28 09:36:00,smb://file.internal:445,445,0
MONITORING,MONITOR-01,running,119,2026-09-28 09:36:00,http://monitor.internal:9090/-/healthy,9090,200
SIM-APOTEK,SIMRS-APP-01,running,150,2026-09-28 09:36:00,http://simrs.internal:8081/health,8081,200
SIMRS,SIMRS-APP-01,running,132,2026-09-28 09:36:00,http://simrs.internal:8080/health,8080,200
DATABASE,SIMRS-DB-01,running,5,2026-09-28 09:37:00,tcp://simrs-db.internal:5432,5432,0
DNS,DNS-01,running,14,2026-09-28 09:37:00,dns://dns-01.internal:53,53,0
FILE SERVER,FILE-01,running,11,2026-09-28 09:37:00,smb://file.internal:445,445,0
MONITORING,MONITOR-01,running,123,2026-09-28 09:37:00,http://monitor.internal:9090/-/healthy,9090,200
SIM-APOTEK,SIMRS-APP-01,running,105,2026-09-28 09:37:00,http://simrs.internal:8081/health,8081,200
SIMRS,SIMRS-APP-01,running,113,2026-09-28 09:37:00,http://simrs.internal:8080/health,8080,200
DATABASE,SIMRS-DB-01,running,4,2026-09-28 09:38:00,tcp://simrs-db.internal:5432,5432,0
DNS,DNS-01,running,11,2026-09-28 09:38:00,dns://dns-01.internal:53,53,0
FILE SERVER,FILE-01,running,13,2026-09-28 09:38:00,smb://file.internal:445,445,0
MONITORING,MONITOR-01,running,118,2026-09-28 09:38:00,http://monitor.internal:9090/-/healthy,9090,200
SIM-APOTEK,SIMRS-APP-01,running,138,2026-09-28 09:38:00,http://simrs.internal:8081/health,8081,200
SIMRS,SIMRS-APP-01,running,134,2026-09-28 09:38:00,http://simrs.internal:8080/health,8080,200
DATABASE,SIMRS-DB-01,running,6,2026-09-28 09:39:00,tcp://simrs-db.internal:5432,5432,0
DNS,DNS-01,running,11,2026-09-28 09:39:00,dns://dns-01.internal:53,53,0
FILE SERVER,FILE-01,running,10,2026-09-28 09:39:00,smb://file.internal:445,445,0
MONITORING,MONITOR-01,running,142,2026-09-28 09:39:00,http://monitor.internal:9090/-/healthy,9090,200
SIM-APOTEK,SIMRS-APP-01,running,138,2026-09-28 09:39:00,http://simrs.internal:8081/health,8081,200
SIMRS,SIMRS-APP-01,running,106,2026-09-28 09:39:00,http://simrs.internal:8080/health,8080,200
DATABASE,SIMRS-DB-01,running,14,2026-09-28 09:40:00,tcp://simrs-db.internal:5432,5432,0
DNS,DNS-01,running,12,2026-09-28 09:40:00,dns://dns-01.internal:53,53,0
FILE SERVER,FILE-01,running,13,2026-09-28 09:40:00,smb://file.internal:445,445,0
MONITORING,MONITOR-01,running,106,2026-09-28 09:40:00,http://monitor.internal:9090/-/healthy,9090,200
SIM-APOTEK,SIMRS-APP-01,running,137,2026-09-28 09:40:00,http://simrs.internal:8081/health,8081,200
SIMRS,SIMRS-APP-01,running,98,2026-09-28 09:40:00,http://simrs.internal:8080/health,8080,200
DATABASE,SIMRS-DB-01,running,8,2026-09-28 09:41:00,tcp://simrs-db.internal:5432,5432,0
DNS,DNS-01,running,14,2026-09-28 09:41:00,dns://dns-01.internal:53,53,0
FILE SERVER,FILE-01,running,4,2026-09-28 09:41:00,smb://file.internal:445,445,0
MONITORING,MONITOR-01,running,118,2026-09-28 09:41:00,http://monitor.internal:9090/-/healthy,9090,200
SIM-APOTEK,SIMRS-APP-01,running,144,2026-09-28 09:41:00,http://simrs.internal:8081/health,8081,200
SIMRS,SIMRS-APP-01,running,106,2026-09-28 09:41:00,http://simrs.internal:8080/health,8080,200
DATABASE,SIMRS-DB-01,running,14,2026-09-28 09:42:00,tcp://simrs-db.internal:5432,5432,0
DNS,DNS-01,running,5,2026-09-28 09:42:00,dns://dns-01.internal:53,53,0
FILE SERVER,FILE-01,running,11,2026-09-28 09:42:00,smb://file.internal:445,445,0
MONITORING,MONITOR-01,running,142,2026-09-28 09:42:00,http://monitor.internal:9090/-/healthy,9090,200
SIM-APOTEK,SIMRS-APP-01,running,100,2026-09-28 09:42:00,http://simrs.internal:8081/health,8081,200
SIMRS,SIMRS-APP-01,running,99,2026-09-28 09:42:00,http://simrs.internal:8080/health,8080,200
DATABASE,SIMRS-DB-01,running,5,2026-09-28 09:43:00,tcp://simrs-db.internal:5432,5432,0
DNS,DNS-01,running,12,2026-09-28 09:43:00,dns://dns-01.internal:53,53,0
FILE SERVER,FILE-01,running,9,2026-09-28 09:43:00,smb://file.internal:445,445,0
MONITORING,MONITOR-01,running,140,2026-09-28 09:43:00,http://monitor.internal:9090/-/healthy,9090,200
SIM-APOTEK,SIMRS-APP-01,running,142,2026-09-28 09:43:00,http://simrs.internal:8081/health,8081,200
SIMRS,SIMRS-APP-01,running,91,2026-09-28 09:43:00,http://simrs.internal:8080/health,8080,200
DATABASE,SIMRS-DB-01,running,8,2026-09-28 09:44:00,tcp://simrs-db.internal:5432,5432,0
DNS,DNS-01,running,12,2026-09-28 09:44:00,dns://dns-01.internal:53,53,0
FILE SERVER,FILE-01,running,8,2026-09-28 09:44:00,smb://file.internal:445,445,0
MONITORING,MONITOR-01,running,134,2026-09-28 09:44:00,http://monitor.internal:9090/-/healthy,9090,200
SIM-APOTEK,SIMRS-APP-01,running,124,2026-09-28 09:44:00,http://simrs.internal:8081/health,8081,200
SIMRS,SIMRS-APP-01,running,94,2026-09-28 09:44:00,http://simrs.internal:8080/health,8080,200
DATABASE,SIMRS-DB-01,running,11,2026-09-28 09:45:00,tcp://simrs-db.internal:5432,5432,0
DNS,DNS-01,running,7,2026-09-28 09:45:00,dns://dns-01.internal:53,53,0
FILE SERVER,FILE-01,running,12,2026-09-28 09:45:00,smb://file.internal:445,445,0
MONITORING,MONITOR-01,running,137,2026-09-28 09:45:00,http://monitor.internal:9090/-/healthy,9090,200
SIM-APOTEK,SIMRS-APP-01,running,117,2026-09-28 09:45:00,http://simrs.internal:8081/health,8081,200
SIMRS,SIMRS-APP-01,running,91,2026-09-28 09:45:00,http://simrs.internal:8080/health,8080,200
DATABASE,SIMRS-DB-01,running,7,2026-09-28 09:46:00,tcp://simrs-db.internal:5432,5432,0
DNS,DNS-01,running,7,2026-09-28 09:46:00,dns://dns-01.internal:53,53,0
FILE SERVER,FILE-01,running,10,2026-09-28 09:46:00,smb://file.internal:445,445,0
MONITORING,MONITOR-01,running,101,2026-09-28 09:46:00,http://monitor.internal:9090/-/healthy,9090,200
SIM-APOTEK,SIMRS-APP-01,running,131,2026-09-28 09:46:00,http://simrs.internal:8081/health,8081,200
SIMRS,SIMRS-APP-01,running,124,2026-09-28 09:46:00,http://simrs.internal:8080/health,8080,200
DATABASE,SIMRS-DB-01,running,5,2026-09-28 09:47:00,tcp://simrs-db.internal:5432,5432,0
DNS,DNS-01,running,13,2026-09-28 09:47:00,dns://dns-01.internal:53,53,0
FILE SERVER,FILE-01,running,7,2026-09-28 09:47:00,smb://file.internal:445,445,0
MONITORING,MONITOR-01,running,115,2026-09-28 09:47:00,http://monitor.internal:9090/-/healthy,9090,200
SIM-APOTEK,SIMRS-APP-01,running,120,2026-09-28 09:47:00,http://simrs.internal:8081/health,8081,200
SIMRS,SIMRS-APP-01,running,144,2026-09-28 09:47:00,http://simrs.internal:8080/health,8080,200
DATABASE,SIMRS-DB-01,running,11,2026-09-28 09:48:00,tcp://simrs-db.internal:5432,5432,0
DNS,DNS-01,running,4,2026-09-28 09:48:00,dns://dns-01.internal:53,53,0
FILE SERVER,FILE-01,running,12,2026-09-28 09:48:00,smb://file.internal:445,445,0
MONITORING,MONITOR-01,running,92,2026-09-28 09:48:00,http://monitor.internal:9090/-/healthy,9090,200
SIM-APOTEK,SIMRS-APP-01,running,104,2026-09-28 09:48:00,http://simrs.internal:8081/health,8081,200
SIMRS,SIMRS-APP-01,running,123,2026-09-28 09:48:00,http://simrs.internal:8080/health,8080,200
DATABASE,SIMRS-DB-01,running,14,2026-09-28 09:49:00,tcp://simrs-db.internal:5432,5432,0
DNS,DNS-01,running,9,2026-09-28 09:49:00,dns://dns-01.internal:53,53,0
FILE SERVER,FILE-01,running,13,2026-09-28 09:49:00,smb://file.internal:445,445,0
MONITORING,MONITOR-01,running,96,2026-09-28 09:49:00,http://monitor.internal:9090/-/healthy,9090,200
SIM-APOTEK,SIMRS-APP-01,running,91,2026-09-28 09:49:00,http://simrs.internal:8081/health,8081,200
SIMRS,SIMRS-APP-01,running,132,2026-09-28 09:49:00,http://simrs.internal:8080/health,8080,200
DATABASE,SIMRS-DB-01,running,12,2026-09-28 09:50:00,tcp://simrs-db.internal:5432,5432,0
DNS,DNS-01,running,7,2026-09-28 09:50:00,dns://dns-01.internal:53,53,0
FILE SERVER,FILE-01,running,10,2026-09-28 09:50:00,smb://file.internal:445,445,0
MONITORING,MONITOR-01,running,145,2026-09-28 09:50:00,http://monitor.internal:9090/-/healthy,9090,200
SIM-APOTEK,SIMRS-APP-01,running,94,2026-09-28 09:50:00,http://simrs.internal:8081/health,8081,200
SIMRS,SIMRS-APP-01,running,148,2026-09-28 09:50:00,http://simrs.internal:8080/health,8080,200
DATABASE,SIMRS-DB-01,running,5,2026-09-28 09:51:00,tcp://simrs-db.internal:5432,5432,0
DNS,DNS-01,running,13,2026-09-28 09:51:00,dns://dns-01.internal:53,53,0
FILE SERVER,FILE-01,running,9,2026-09-28 09:51:00,smb://file.internal:445,445,0
MONITORING,MONITOR-01,running,113,2026-09-28 09:51:00,http://monitor.internal:9090/-/healthy,9090,200
SIM-APOTEK,SIMRS-APP-01,running,146,2026-09-28 09:51:00,http://simrs.internal:8081/health,8081,200
SIMRS,SIMRS-APP-01,running,124,2026-09-28 09:51:00,http://simrs.internal:8080/health,8080,200
DATABASE,SIMRS-DB-01,running,14,2026-09-28 09:52:00,tcp://simrs-db.internal:5432,5432,0
DNS,DNS-01,running,9,2026-09-28 09:52:00,dns://dns-01.internal:53,53,0
FILE SERVER,FILE-01,running,13,2026-09-28 09:52:00,smb://file.internal:445,445,0
MONITORING,MONITOR-01,running,130,2026-09-28 09:52:00,http://monitor.internal:9090/-/healthy,9090,200
SIM-APOTEK,SIMRS-APP-01,running,91,2026-09-28 09:52:00,http://simrs.internal:8081/health,8081,200
SIMRS,SIMRS-APP-01,running,94,2026-09-28 09:52:00,http://simrs.internal:8080/health,8080,200
DATABASE,SIMRS-DB-01,running,4,2026-09-28 09:53:00,tcp://simrs-db.internal:5432,5432,0
DNS,DNS-01,running,3,2026-09-28 09:53:00,dns://dns-01.internal:53,53,0
FILE SERVER,FILE-01,running,8,2026-09-28 09:53:00,smb://file.internal:445,445,0
MONITORING,MONITOR-01,running,101,2026-09-28 09:53:00,http://monitor.internal:9090/-/healthy,9090,200
SIM-APOTEK,SIMRS-APP-01,running,127,2026-09-28 09:53:00,http://simrs.internal:8081/health,8081,200
SIMRS,SIMRS-APP-01,running,121,2026-09-28 09:53:00,http://simrs.internal:8080/health,8080,200
DATABASE,SIMRS-DB-01,running,9,2026-09-28 09:54:00,tcp://simrs-db.internal:5432,5432,0
DNS,DNS-01,running,10,2026-09-28 09:54:00,dns://dns-01.internal:53,53,0
FILE SERVER,FILE-01,running,14,2026-09-28 09:54:00,smb://file.internal:445,445,0
MONITORING,MONITOR-01,running,141,2026-09-28 09:54:00,http://monitor.internal:9090/-/healthy,9090,200
SIM-APOTEK,SIMRS-APP-01,running,114,2026-09-28 09:54:00,http://simrs.internal:8081/health,8081,200
SIMRS,SIMRS-APP-01,running,106,2026-09-28 09:54:00,http://simrs.internal:8080/health,8080,200
DATABASE,SIMRS-DB-01,running,4,2026-09-28 09:55:00,tcp://simrs-db.internal:5432,5432,0
DNS,DNS-01,running,10,2026-09-28 09:55:00,dns://dns-01.internal:53,53,0
FILE SERVER,FILE-01,running,14,2026-09-28 09:55:00,smb://file.internal:445,445,0
MONITORING,MONITOR-01,running,105,2026-09-28 09:55:00,http://monitor.internal:9090/-/healthy,9090,200
SIM-APOTEK,SIMRS-APP-01,running,104,2026-09-28 09:55:00,http://simrs.internal:8081/health,8081,200
SIMRS,SIMRS-APP-01,running,126,2026-09-28 09:55:00,http://simrs.internal:8080/health,8080,200
DATABASE,SIMRS-DB-01,running,11,2026-09-28 09:56:00,tcp://simrs-db.internal:5432,5432,0
DNS,DNS-01,running,8,2026-09-28 09:56:00,dns://dns-01.internal:53,53,0
FILE SERVER,FILE-01,running,6,2026-09-28 09:56:00,smb://file.internal:445,445,0
MONITORING,MONITOR-01,running,123,2026-09-28 09:56:00,http://monitor.internal:9090/-/healthy,9090,200
SIM-APOTEK,SIMRS-APP-01,running,96,2026-09-28 09:56:00,http://simrs.internal:8081/health,8081,200
SIMRS,SIMRS-APP-01,running,143,2026-09-28 09:56:00,http://simrs.internal:8080/health,8080,200
DATABASE,SIMRS-DB-01,running,6,2026-09-28 09:57:00,tcp://simrs-db.internal:5432,5432,0
DNS,DNS-01,running,6,2026-09-28 09:57:00,dns://dns-01.internal:53,53,0
FILE SERVER,FILE-01,running,14,2026-09-28 09:57:00,smb://file.internal:445,445,0
MONITORING,MONITOR-01,running,140,2026-09-28 09:57:00,http://monitor.internal:9090/-/healthy,9090,200
SIM-APOTEK,SIMRS-APP-01,running,90,2026-09-28 09:57:00,http://simrs.internal:8081/health,8081,200
SIMRS,SIMRS-APP-01,running,101,2026-09-28 09:57:00,http://simrs.internal:8080/health,8080,200
DATABASE,SIMRS-DB-01,running,7,2026-09-28 09:58:00,tcp://simrs-db.internal:5432,5432,0
DNS,DNS-01,running,5,2026-09-28 09:58:00,dns://dns-01.internal:53,53,0
FILE SERVER,FILE-01,running,6,2026-09-28 09:58:00,smb://file.internal:445,445,0
MONITORING,MONITOR-01,running,107,2026-09-28 09:58:00,http://monitor.internal:9090/-/healthy,9090,200
SIM-APOTEK,SIMRS-APP-01,running,131,2026-09-28 09:58:00,http://simrs.internal:8081/health,8081,200
SIMRS,SIMRS-APP-01,running,106,2026-09-28 09:58:00,http://simrs.internal:8080/health,8080,200
DATABASE,SIMRS-DB-01,running,9,2026-09-28 09:59:00,tcp://simrs-db.internal:5432,5432,0
DNS,DNS-01,running,11,2026-09-28 09:59:00,dns://dns-01.internal:53,53,0
FILE SERVER,FILE-01,running,9,2026-09-28 09:59:00,smb://file.internal:445,445,0
MONITORING,MONITOR-01,running,103,2026-09-28 09:59:00,http://monitor.internal:9090/-/healthy,9090,200
SIM-APOTEK,SIMRS-APP-01,running,122,2026-09-28 09:59:00,http://simrs.internal:8081/health,8081,200
SIMRS,SIMRS-APP-01,running,143,2026-09-28 09:59:00,http://simrs.internal:8080/health,8080,200
DATABASE,SIMRS-DB-01,running,6,2026-09-28 10:00:00,tcp://simrs-db.internal:5432,5432,0
DATABASE,SIMRS-DB-01,running,14,2026-09-28 10:00:00,tcp://simrs-db.internal:5432,5432,0
DNS,DNS-01,running,9,2026-09-28 10:00:00,dns://dns-01.internal:53,53,0
DNS,DNS-01,running,10,2026-09-28 10:00:00,dns://dns-01.internal:53,53,0
FILE SERVER,FILE-01,running,10,2026-09-28 10:00:00,smb://file.internal:445,445,0
FILE SERVER,FILE-01,running,14,2026-09-28 10:00:00,smb://file.internal:445,445,0
MONITORING,MONITOR-01,running,105,2026-09-28 10:00:00,http://monitor.internal:9090/-/healthy,9090,200
MONITORING,MONITOR-01,running,113,2026-09-28 10:00:00,http://monitor.internal:9090/-/healthy,9090,200
SIM-APOTEK,SIMRS-APP-01,running,117,2026-09-28 10:00:00,http://simrs.internal:8081/health,8081,200
SIM-APOTEK,SIMRS-APP-01,running,96,2026-09-28 10:00:00,http://simrs.internal:8081/health,8081,200
SIMRS,SIMRS-APP-01,running,103,2026-09-28 10:00:00,http://simrs.internal:8080/health,8080,200
SIMRS,SIMRS-APP-01,running,112,2026-09-28 10:00:00,http://simrs.internal:8080/health,8080,200
DATABASE,SIMRS-DB-01,running,12,2026-09-28 10:01:00,tcp://simrs-db.internal:5432,5432,0
DNS,DNS-01,running,14,2026-09-28 10:01:00,dns://dns-01.internal:53,53,0
FILE SERVER,FILE-01,running,7,2026-09-28 10:01:00,smb://file.internal:445,445,0
MONITORING,MONITOR-01,running,130,2026-09-28 10:01:00,http://monitor.internal:9090/-/healthy,9090,200
SIM-APOTEK,SIMRS-APP-01,running,119,2026-09-28 10:01:00,http://simrs.internal:8081/health,8081,200
SIMRS,SIMRS-APP-01,running,136,2026-09-28 10:01:00,http://simrs.internal:8080/health,8080,200
DATABASE,SIMRS-DB-01,running,14,2026-09-28 10:02:00,tcp://simrs-db.internal:5432,5432,0
DNS,DNS-01,running,7,2026-09-28 10:02:00,dns://dns-01.internal:53,53,0
FILE SERVER,FILE-01,running,4,2026-09-28 10:02:00,smb://file.internal:445,445,0
MONITORING,MONITOR-01,running,140,2026-09-28 10:02:00,http://monitor.internal:9090/-/healthy,9090,200
SIM-APOTEK,SIMRS-APP-01,running,143,2026-09-28 10:02:00,http://simrs.internal:8081/health,8081,200
SIMRS,SIMRS-APP-01,running,115,2026-09-28 10:02:00,http://simrs.internal:8080/health,8080,200
DATABASE,SIMRS-DB-01,running,7,2026-09-28 10:03:00,tcp://simrs-db.internal:5432,5432,0
DNS,DNS-01,running,4,2026-09-28 10:03:00,dns://dns-01.internal:53,53,0
FILE SERVER,FILE-01,running,10,2026-09-28 10:03:00,smb://file.internal:445,445,0
MONITORING,MONITOR-01,running,117,2026-09-28 10:03:00,http://monitor.internal:9090/-/healthy,9090,200
SIM-APOTEK,SIMRS-APP-01,running,96,2026-09-28 10:03:00,http://simrs.internal:8081/health,8081,200
SIMRS,SIMRS-APP-01,running,104,2026-09-28 10:03:00,http://simrs.internal:8080/health,8080,200
DATABASE,SIMRS-DB-01,running,5,2026-09-28 10:04:00,tcp://simrs-db.internal:5432,5432,0
DNS,DNS-01,running,6,2026-09-28 10:04:00,dns://dns-01.internal:53,53,0
FILE SERVER,FILE-01,running,6,2026-09-28 10:04:00,smb://file.internal:445,445,0
MONITORING,MONITOR-01,running,116,2026-09-28 10:04:00,http://monitor.internal:9090/-/healthy,9090,200
SIM-APOTEK,SIMRS-APP-01,running,144,2026-09-28 10:04:00,http://simrs.internal:8081/health,8081,200
SIMRS,SIMRS-APP-01,running,142,2026-09-28 10:04:00,http://simrs.internal:8080/health,8080,200
DATABASE,SIMRS-DB-01,running,11,2026-09-28 10:05:00,tcp://simrs-db.internal:5432,5432,0
DNS,DNS-01,running,9,2026-09-28 10:05:00,dns://dns-01.internal:53,53,0
FILE SERVER,FILE-01,running,5,2026-09-28 10:05:00,smb://file.internal:445,445,0
MONITORING,MONITOR-01,running,115,2026-09-28 10:05:00,http://monitor.internal:9090/-/healthy,9090,200
SIM-APOTEK,SIMRS-APP-01,running,148,2026-09-28 10:05:00,http://simrs.internal:8081/health,8081,200
SIMRS,SIMRS-APP-01,running,99,2026-09-28 10:05:00,http://simrs.internal:8080/health,8080,200
DATABASE,SIMRS-DB-01,running,9,2026-09-28 10:06:00,tcp://simrs-db.internal:5432,5432,0
DNS,DNS-01,running,7,2026-09-28 10:06:00,dns://dns-01.internal:53,53,0
FILE SERVER,FILE-01,running,9,2026-09-28 10:06:00,smb://file.internal:445,445,0
MONITORING,MONITOR-01,running,106,2026-09-28 10:06:00,http://monitor.internal:9090/-/healthy,9090,200
SIM-APOTEK,SIMRS-APP-01,running,93,2026-09-28 10:06:00,http://simrs.internal:8081/health,8081,200
SIMRS,SIMRS-APP-01,running,109,2026-09-28 10:06:00,http://simrs.internal:8080/health,8080,200
DATABASE,SIMRS-DB-01,running,5,2026-09-28 10:07:00,tcp://simrs-db.internal:5432,5432,0
DNS,DNS-01,running,4,2026-09-28 10:07:00,dns://dns-01.internal:53,53,0
FILE SERVER,FILE-01,running,5,2026-09-28 10:07:00,smb://file.internal:445,445,0
MONITORING,MONITOR-01,running,95,2026-09-28 10:07:00,http://monitor.internal:9090/-/healthy,9090,200
SIM-APOTEK,SIMRS-APP-01,running,103,2026-09-28 10:07:00,http://simrs.internal:8081/health,8081,200
SIMRS,SIMRS-APP-01,running,133,2026-09-28 10:07:00,http://simrs.internal:8080/health,8080,200
DATABASE,SIMRS-DB-01,running,11,2026-09-28 10:08:00,tcp://simrs-db.internal:5432,5432,0
DNS,DNS-01,running,8,2026-09-28 10:08:00,dns://dns-01.internal:53,53,0
FILE SERVER,FILE-01,running,6,2026-09-28 10:08:00,smb://file.internal:445,445,0
MONITORING,MONITOR-01,running,104,2026-09-28 10:08:00,http://monitor.internal:9090/-/healthy,9090,200
SIM-APOTEK,SIMRS-APP-01,running,123,2026-09-28 10:08:00,http://simrs.internal:8081/health,8081,200
SIMRS,SIMRS-APP-01,running,147,2026-09-28 10:08:00,http://simrs.internal:8080/health,8080,200
DATABASE,SIMRS-DB-01,running,8,2026-09-28 10:09:00,tcp://simrs-db.internal:5432,5432,0
DNS,DNS-01,running,8,2026-09-28 10:09:00,dns://dns-01.internal:53,53,0
FILE SERVER,FILE-01,running,3,2026-09-28 10:09:00,smb://file.internal:445,445,0
MONITORING,MONITOR-01,running,101,2026-09-28 10:09:00,http://monitor.internal:9090/-/healthy,9090,200
SIM-APOTEK,SIMRS-APP-01,running,99,2026-09-28 10:09:00,http://simrs.internal:8081/health,8081,200
SIMRS,SIMRS-APP-01,running,124,2026-09-28 10:09:00,http://simrs.internal:8080/health,8080,200
DATABASE,SIMRS-DB-01,running,7,2026-09-28 10:10:00,tcp://simrs-db.internal:5432,5432,0
DNS,DNS-01,running,9,2026-09-28 10:10:00,dns://dns-01.internal:53,53,0
FILE SERVER,FILE-01,running,6,2026-09-28 10:10:00,smb://file.internal:445,445,0
MONITORING,MONITOR-01,running,149,2026-09-28 10:10:00,http://monitor.internal:9090/-/healthy,9090,200
SIM-APOTEK,SIMRS-APP-01,running,147,2026-09-28 10:10:00,http://simrs.internal:8081/health,8081,200
SIMRS,SIMRS-APP-01,running,104,2026-09-28 10:10:00,http://simrs.internal:8080/health,8080,200
DATABASE,SIMRS-DB-01,running,10,2026-09-28 10:11:00,tcp://simrs-db.internal:5432,5432,0
DNS,DNS-01,running,7,2026-09-28 10:11:00,dns://dns-01.internal:53,53,0
FILE SERVER,FILE-01,running,6,2026-09-28 10:11:00,smb://file.internal:445,445,0
MONITORING,MONITOR-01,running,115,2026-09-28 10:11:00,http://monitor.internal:9090/-/healthy,9090,200
SIM-APOTEK,SIMRS-APP-01,running,111,2026-09-28 10:11:00,http://simrs.internal:8081/health,8081,200
SIMRS,SIMRS-APP-01,running,139,2026-09-28 10:11:00,http://simrs.internal:8080/health,8080,200
DATABASE,SIMRS-DB-01,running,3,2026-09-28 10:12:00,tcp://simrs-db.internal:5432,5432,0
DNS,DNS-01,running,7,2026-09-28 10:12:00,dns://dns-01.internal:53,53,0
FILE SERVER,FILE-01,running,6,2026-09-28 10:12:00,smb://file.internal:445,445,0
MONITORING,MONITOR-01,running,116,2026-09-28 10:12:00,http://monitor.internal:9090/-/healthy,9090,200
SIM-APOTEK,SIMRS-APP-01,running,137,2026-09-28 10:12:00,http://simrs.internal:8081/health,8081,200
SIMRS,SIMRS-APP-01,running,132,2026-09-28 10:12:00,http://simrs.internal:8080/health,8080,200
DATABASE,SIMRS-DB-01,running,6,2026-09-28 10:13:00,tcp://simrs-db.internal:5432,5432,0
DNS,DNS-01,running,6,2026-09-28 10:13:00,dns://dns-01.internal:53,53,0
FILE SERVER,FILE-01,running,3,2026-09-28 10:13:00,smb://file.internal:445,445,0
MONITORING,MONITOR-01,running,113,2026-09-28 10:13:00,http://monitor.internal:9090/-/healthy,9090,200
SIM-APOTEK,SIMRS-APP-01,running,109,2026-09-28 10:13:00,http://simrs.internal:8081/health,8081,200
SIMRS,SIMRS-APP-01,running,100,2026-09-28 10:13:00,http://simrs.internal:8080/health,8080,200
DATABASE,SIMRS-DB-01,running,14,2026-09-28 10:14:00,tcp://simrs-db.internal:5432,5432,0
DNS,DNS-01,running,9,2026-09-28 10:14:00,dns://dns-01.internal:53,53,0
FILE SERVER,FILE-01,running,14,2026-09-28 10:14:00,smb://file.internal:445,445,0
MONITORING,MONITOR-01,running,134,2026-09-28 10:14:00,http://monitor.internal:9090/-/healthy,9090,200
SIM-APOTEK,SIMRS-APP-01,running,124,2026-09-28 10:14:00,http://simrs.internal:8081/health,8081,200
SIMRS,SIMRS-APP-01,running,146,2026-09-28 10:14:00,http://simrs.internal:8080/health,8080,200
DATABASE,SIMRS-DB-01,running,9,2026-09-28 10:15:00,tcp://simrs-db.internal:5432,5432,0
DNS,DNS-01,running,10,2026-09-28 10:15:00,dns://dns-01.internal:53,53,0
FILE SERVER,FILE-01,running,10,2026-09-28 10:15:00,smb://file.internal:445,445,0
MONITORING,MONITOR-01,running,104,2026-09-28 10:15:00,http://monitor.internal:9090/-/healthy,9090,200
SIM-APOTEK,SIMRS-APP-01,running,119,2026-09-28 10:15:00,http://simrs.internal:8081/health,8081,200
SIMRS,SIMRS-APP-01,running,95,2026-09-28 10:15:00,http://simrs.internal:8080/health,8080,200
DATABASE,SIMRS-DB-01,running,9,2026-09-28 10:16:00,tcp://simrs-db.internal:5432,5432,0
DNS,DNS-01,running,6,2026-09-28 10:16:00,dns://dns-01.internal:53,53,0
FILE SERVER,FILE-01,running,7,2026-09-28 10:16:00,smb://file.internal:445,445,0
MONITORING,MONITOR-01,running,104,2026-09-28 10:16:00,http://monitor.internal:9090/-/healthy,9090,200
SIM-APOTEK,SIMRS-APP-01,running,148,2026-09-28 10:16:00,http://simrs.internal:8081/health,8081,200
SIMRS,SIMRS-APP-01,running,132,2026-09-28 10:16:00,http://simrs.internal:8080/health,8080,200
DATABASE,SIMRS-DB-01,running,6,2026-09-28 10:17:00,tcp://simrs-db.internal:5432,5432,0
DNS,DNS-01,running,13,2026-09-28 10:17:00,dns://dns-01.internal:53,53,0
FILE SERVER,FILE-01,running,11,2026-09-28 10:17:00,smb://file.internal:445,445,0
MONITORING,MONITOR-01,running,105,2026-09-28 10:17:00,http://monitor.internal:9090/-/healthy,9090,200
SIM-APOTEK,SIMRS-APP-01,running,113,2026-09-28 10:17:00,http://simrs.internal:8081/health,8081,200
SIMRS,SIMRS-APP-01,running,108,2026-09-28 10:17:00,http://simrs.internal:8080/health,8080,200
DATABASE,SIMRS-DB-01,running,13,2026-09-28 10:18:00,tcp://simrs-db.internal:5432,5432,0
DNS,DNS-01,running,12,2026-09-28 10:18:00,dns://dns-01.internal:53,53,0
FILE SERVER,FILE-01,running,3,2026-09-28 10:18:00,smb://file.internal:445,445,0
MONITORING,MONITOR-01,running,107,2026-09-28 10:18:00,http://monitor.internal:9090/-/healthy,9090,200
SIM-APOTEK,SIMRS-APP-01,running,119,2026-09-28 10:18:00,http://simrs.internal:8081/health,8081,200
SIMRS,SIMRS-APP-01,running,102,2026-09-28 10:18:00,http://simrs.internal:8080/health,8080,200
DATABASE,SIMRS-DB-01,running,5,2026-09-28 10:19:00,tcp://simrs-db.internal:5432,5432,0
DNS,DNS-01,running,14,2026-09-28 10:19:00,dns://dns-01.internal:53,53,0
FILE SERVER,FILE-01,running,11,2026-09-28 10:19:00,smb://file.internal:445,445,0
MONITORING,MONITOR-01,running,91,2026-09-28 10:19:00,http://monitor.internal:9090/-/healthy,9090,200
SIM-APOTEK,SIMRS-APP-01,running,114,2026-09-28 10:19:00,http://simrs.internal:8081/health,8081,200
SIMRS,SIMRS-APP-01,running,133,2026-09-28 10:19:00,http://simrs.internal:8080/health,8080,200
DATABASE,SIMRS-DB-01,running,12,2026-09-28 10:20:00,tcp://simrs-db.internal:5432,5432,0
DNS,DNS-01,running,11,2026-09-28 10:20:00,dns://dns-01.internal:53,53,0
FILE SERVER,FILE-01,running,13,2026-09-28 10:20:00,smb://file.internal:445,445,0
MONITORING,MONITOR-01,running,91,2026-09-28 10:20:00,http://monitor.internal:9090/-/healthy,9090,200
SIM-APOTEK,SIMRS-APP-01,running,121,2026-09-28 10:20:00,http://simrs.internal:8081/health,8081,200
SIMRS,SIMRS-APP-01,running,146,2026-09-28 10:20:00,http://simrs.internal:8080/health,8080,200
DATABASE,SIMRS-DB-01,running,8,2026-09-28 10:21:00,tcp://simrs-db.internal:5432,5432,0
DNS,DNS-01,running,11,2026-09-28 10:21:00,dns://dns-01.internal:53,53,0
FILE SERVER,FILE-01,running,7,2026-09-28 10:21:00,smb://file.internal:445,445,0
MONITORING,MONITOR-01,running,140,2026-09-28 10:21:00,http://monitor.internal:9090/-/healthy,9090,200
SIM-APOTEK,SIMRS-APP-01,running,117,2026-09-28 10:21:00,http://simrs.internal:8081/health,8081,200
SIMRS,SIMRS-APP-01,running,118,2026-09-28 10:21:00,http://simrs.internal:8080/health,8080,200
DATABASE,SIMRS-DB-01,running,8,2026-09-28 10:22:00,tcp://simrs-db.internal:5432,5432,0
DNS,DNS-01,running,10,2026-09-28 10:22:00,dns://dns-01.internal:53,53,0
FILE SERVER,FILE-01,running,9,2026-09-28 10:22:00,smb://file.internal:445,445,0
MONITORING,MONITOR-01,running,116,2026-09-28 10:22:00,http://monitor.internal:9090/-/healthy,9090,200
SIM-APOTEK,SIMRS-APP-01,running,117,2026-09-28 10:22:00,http://simrs.internal:8081/health,8081,200
SIMRS,SIMRS-APP-01,running,137,2026-09-28 10:22:00,http://simrs.internal:8080/health,8080,200
DATABASE,SIMRS-DB-01,running,6,2026-09-28 10:23:00,tcp://simrs-db.internal:5432,5432,0
DNS,DNS-01,running,8,2026-09-28 10:23:00,dns://dns-01.internal:53,53,0
FILE SERVER,FILE-01,running,9,2026-09-28 10:23:00,smb://file.internal:445,445,0
MONITORING,MONITOR-01,running,129,2026-09-28 10:23:00,http://monitor.internal:9090/-/healthy,9090,200
SIM-APOTEK,SIMRS-APP-01,running,142,2026-09-28 10:23:00,http://simrs.internal:8081/health,8081,200
SIMRS,SIMRS-APP-01,running,148,2026-09-28 10:23:00,http://simrs.internal:8080/health,8080,200
DATABASE,SIMRS-DB-01,running,3,2026-09-28 10:24:00,tcp://simrs-db.internal:5432,5432,0
DNS,DNS-01,running,13,2026-09-28 10:24:00,dns://dns-01.internal:53,53,0
FILE SERVER,FILE-01,running,12,2026-09-28 10:24:00,smb://file.internal:445,445,0
MONITORING,MONITOR-01,running,97,2026-09-28 10:24:00,http://monitor.internal:9090/-/healthy,9090,200
SIM-APOTEK,SIMRS-APP-01,running,124,2026-09-28 10:24:00,http://simrs.internal:8081/health,8081,200
SIMRS,SIMRS-APP-01,running,117,2026-09-28 10:24:00,http://simrs.internal:8080/health,8080,200
DATABASE,SIMRS-DB-01,running,10,2026-09-28 10:25:00,tcp://simrs-db.internal:5432,5432,0
DNS,DNS-01,running,8,2026-09-28 10:25:00,dns://dns-01.internal:53,53,0
FILE SERVER,FILE-01,running,13,2026-09-28 10:25:00,smb://file.internal:445,445,0
MONITORING,MONITOR-01,running,150,2026-09-28 10:25:00,http://monitor.internal:9090/-/healthy,9090,200
SIM-APOTEK,SIMRS-APP-01,running,103,2026-09-28 10:25:00,http://simrs.internal:8081/health,8081,200
SIMRS,SIMRS-APP-01,running,117,2026-09-28 10:25:00,http://simrs.internal:8080/health,8080,200
DATABASE,SIMRS-DB-01,running,4,2026-09-28 10:26:00,tcp://simrs-db.internal:5432,5432,0
DNS,DNS-01,running,4,2026-09-28 10:26:00,dns://dns-01.internal:53,53,0
FILE SERVER,FILE-01,running,3,2026-09-28 10:26:00,smb://file.internal:445,445,0
MONITORING,MONITOR-01,running,99,2026-09-28 10:26:00,http://monitor.internal:9090/-/healthy,9090,200
SIM-APOTEK,SIMRS-APP-01,running,128,2026-09-28 10:26:00,http://simrs.internal:8081/health,8081,200
SIMRS,SIMRS-APP-01,running,118,2026-09-28 10:26:00,http://simrs.internal:8080/health,8080,200
DATABASE,SIMRS-DB-01,running,13,2026-09-28 10:27:00,tcp://simrs-db.internal:5432,5432,0
DNS,DNS-01,running,12,2026-09-28 10:27:00,dns://dns-01.internal:53,53,0
FILE SERVER,FILE-01,running,5,2026-09-28 10:27:00,smb://file.internal:445,445,0
MONITORING,MONITOR-01,running,124,2026-09-28 10:27:00,http://monitor.internal:9090/-/healthy,9090,200
SIM-APOTEK,SIMRS-APP-01,running,102,2026-09-28 10:27:00,http://simrs.internal:8081/health,8081,200
SIMRS,SIMRS-APP-01,running,110,2026-09-28 10:27:00,http://simrs.internal:8080/health,8080,200
DATABASE,SIMRS-DB-01,running,8,2026-09-28 11:00:00,tcp://simrs-db.internal:5432,5432,0
DNS,DNS-01,running,3,2026-09-28 11:00:00,dns://dns-01.internal:53,53,0
FILE SERVER,FILE-01,running,6,2026-09-28 11:00:00,smb://file.internal:445,445,0
MONITORING,MONITOR-01,running,131,2026-09-28 11:00:00,http://monitor.internal:9090/-/healthy,9090,200
SIM-APOTEK,SIMRS-APP-01,running,144,2026-09-28 11:00:00,http://simrs.internal:8081/health,8081,200
SIMRS,SIMRS-APP-01,running,90,2026-09-28 11:00:00,http://simrs.internal:8080/health,8080,200
DATABASE,SIMRS-DB-01,running,3,2026-09-28 12:00:00,tcp://simrs-db.internal:5432,5432,0
DNS,DNS-01,running,10,2026-09-28 12:00:00,dns://dns-01.internal:53,53,0
FILE SERVER,FILE-01,running,3,2026-09-28 12:00:00,smb://file.internal:445,445,0
MONITORING,MONITOR-01,running,93,2026-09-28 12:00:00,http://monitor.internal:9090/-/healthy,9090,200
SIM-APOTEK,SIMRS-APP-01,running,107,2026-09-28 12:00:00,http://simrs.internal:8081/health,8081,200
SIMRS,SIMRS-APP-01,running,150,2026-09-28 12:00:00,http://simrs.internal:8080/health,8080,200
DATABASE,SIMRS-DB-01,running,13,2026-09-28 13:00:00,tcp://simrs-db.internal:5432,5432,0
DNS,DNS-01,running,3,2026-09-28 13:00:00,dns://dns-01.internal:53,53,0
FILE SERVER,FILE-01,running,11,2026-09-28 13:00:00,smb://file.internal:445,445,0
MONITORING,MONITOR-01,running,104,2026-09-28 13:00:00,http://monitor.internal:9090/-/healthy,9090,200
SIM-APOTEK,SIMRS-APP-01,running,94,2026-09-28 13:00:00,http://simrs.internal:8081/health,8081,200
SIMRS,SIMRS-APP-01,running,99,2026-09-28 13:00:00,http://simrs.internal:8080/health,8080,200
DATABASE,SIMRS-DB-01,running,9,2026-09-28 14:00:00,tcp://simrs-db.internal:5432,5432,0
DNS,DNS-01,running,8,2026-09-28 14:00:00,dns://dns-01.internal:53,53,0
FILE SERVER,FILE-01,running,7,2026-09-28 14:00:00,smb://file.internal:445,445,0
MONITORING,MONITOR-01,running,140,2026-09-28 14:00:00,http://monitor.internal:9090/-/healthy,9090,200
SIM-APOTEK,SIMRS-APP-01,running,106,2026-09-28 14:00:00,http://simrs.internal:8081/health,8081,200
SIMRS,SIMRS-APP-01,running,106,2026-09-28 14:00:00,http://simrs.internal:8080/health,8080,200
DATABASE,SIMRS-DB-01,running,10,2026-09-28 15:00:00,tcp://simrs-db.internal:5432,5432,0
DNS,DNS-01,running,11,2026-09-28 15:00:00,dns://dns-01.internal:53,53,0
FILE SERVER,FILE-01,running,12,2026-09-28 15:00:00,smb://file.internal:445,445,0
MONITORING,MONITOR-01,running,149,2026-09-28 15:00:00,http://monitor.internal:9090/-/healthy,9090,200
SIM-APOTEK,SIMRS-APP-01,running,111,2026-09-28 15:00:00,http://simrs.internal:8081/health,8081,200
SIMRS,SIMRS-APP-01,running,127,2026-09-28 15:00:00,http://simrs.internal:8080/health,8080,200
DATABASE,SIMRS-DB-01,running,6,2026-09-28 16:00:00,tcp://simrs-db.internal:5432,5432,0
DNS,DNS-01,running,4,2026-09-28 16:00:00,dns://dns-01.internal:53,53,0
FILE SERVER,FILE-01,running,10,2026-09-28 16:00:00,smb://file.internal:445,445,0
MONITORING,MONITOR-01,running,137,2026-09-28 16:00:00,http://monitor.internal:9090/-/healthy,9090,200
SIM-APOTEK,SIMRS-APP-01,running,104,2026-09-28 16:00:00,http://simrs.internal:8081/health,8081,200
SIMRS,SIMRS-APP-01,running,107,2026-09-28 16:00:00,http://simrs.internal:8080/health,8080,200
DATABASE,SIMRS-DB-01,running,9,2026-09-28 17:00:00,tcp://simrs-db.internal:5432,5432,0
DNS,DNS-01,running,9,2026-09-28 17:00:00,dns://dns-01.internal:53,53,0
FILE SERVER,FILE-01,running,13,2026-09-28 17:00:00,smb://file.internal:445,445,0
MONITORING,MONITOR-01,running,143,2026-09-28 17:00:00,http://monitor.internal:9090/-/healthy,9090,200
SIM-APOTEK,SIMRS-APP-01,running,119,2026-09-28 17:00:00,http://simrs.internal:8081/health,8081,200
SIMRS,SIMRS-APP-01,running,139,2026-09-28 17:00:00,http://simrs.internal:8080/health,8080,200
DATABASE,SIMRS-DB-01,running,8,2026-09-28 18:00:00,tcp://simrs-db.internal:5432,5432,0
DNS,DNS-01,running,7,2026-09-28 18:00:00,dns://dns-01.internal:53,53,0
FILE SERVER,FILE-01,running,12,2026-09-28 18:00:00,smb://file.internal:445,445,0
MONITORING,MONITOR-01,running,134,2026-09-28 18:00:00,http://monitor.internal:9090/-/healthy,9090,200
SIM-APOTEK,SIMRS-APP-01,running,124,2026-09-28 18:00:00,http://simrs.internal:8081/health,8081,200
SIMRS,SIMRS-APP-01,running,137,2026-09-28 18:00:00,http://simrs.internal:8080/health,8080,200
DATABASE,SIMRS-DB-01,running,3,2026-09-28 19:00:00,tcp://simrs-db.internal:5432,5432,0
DNS,DNS-01,running,7,2026-09-28 19:00:00,dns://dns-01.internal:53,53,0
FILE SERVER,FILE-01,running,7,2026-09-28 19:00:00,smb://file.internal:445,445,0
MONITORING,MONITOR-01,running,95,2026-09-28 19:00:00,http://monitor.internal:9090/-/healthy,9090,200
SIM-APOTEK,SIMRS-APP-01,running,94,2026-09-28 19:00:00,http://simrs.internal:8081/health,8081,200
SIMRS,SIMRS-APP-01,running,125,2026-09-28 19:00:00,http://simrs.internal:8080/health,8080,200
DATABASE,SIMRS-DB-01,running,3,2026-09-28 20:00:00,tcp://simrs-db.internal:5432,5432,0
DNS,DNS-01,running,14,2026-09-28 20:00:00,dns://dns-01.internal:53,53,0
FILE SERVER,FILE-01,running,9,2026-09-28 20:00:00,smb://file.internal:445,445,0
MONITORING,MONITOR-01,running,135,2026-09-28 20:00:00,http://monitor.internal:9090/-/healthy,9090,200
SIM-APOTEK,SIMRS-APP-01,running,120,2026-09-28 20:00:00,http://simrs.internal:8081/health,8081,200
SIMRS,SIMRS-APP-01,running,101,2026-09-28 20:00:00,http://simrs.internal:8080/health,8080,200
DATABASE,SIMRS-DB-01,running,14,2026-09-28 21:00:00,tcp://simrs-db.internal:5432,5432,0
DNS,DNS-01,running,13,2026-09-28 21:00:00,dns://dns-01.internal:53,53,0
FILE SERVER,FILE-01,running,12,2026-09-28 21:00:00,smb://file.internal:445,445,0
MONITORING,MONITOR-01,running,112,2026-09-28 21:00:00,http://monitor.internal:9090/-/healthy,9090,200
SIM-APOTEK,SIMRS-APP-01,running,114,2026-09-28 21:00:00,http://simrs.internal:8081/health,8081,200
SIMRS,SIMRS-APP-01,running,133,2026-09-28 21:00:00,http://simrs.internal:8080/health,8080,200
DATABASE,SIMRS-DB-01,running,3,2026-09-28 22:00:00,tcp://simrs-db.internal:5432,5432,0
DNS,DNS-01,running,11,2026-09-28 22:00:00,dns://dns-01.internal:53,53,0
FILE SERVER,FILE-01,running,8,2026-09-28 22:00:00,smb://file.internal:445,445,0
MONITORING,MONITOR-01,running,114,2026-09-28 22:00:00,http://monitor.internal:9090/-/healthy,9090,200
SIM-APOTEK,SIMRS-APP-01,running,106,2026-09-28 22:00:00,http://simrs.internal:8081/health,8081,200
SIMRS,SIMRS-APP-01,running,140,2026-09-28 22:00:00,http://simrs.internal:8080/health,8080,200
DATABASE,SIMRS-DB-01,running,4,2026-09-28 23:00:00,tcp://simrs-db.internal:5432,5432,0
DNS,DNS-01,running,4,2026-09-28 23:00:00,dns://dns-01.internal:53,53,0
FILE SERVER,FILE-01,running,5,2026-09-28 23:00:00,smb://file.internal:445,445,0
MONITORING,MONITOR-01,running,108,2026-09-28 23:00:00,http://monitor.internal:9090/-/healthy,9090,200
SIM-APOTEK,SIMRS-APP-01,running,143,2026-09-28 23:00:00,http://simrs.internal:8081/health,8081,200
SIMRS,SIMRS-APP-01,running,148,2026-09-28 23:00:00,http://simrs.internal:8080/health,8080,200
